scenario_id,radius_km,client_tw_hours,client_tw_start,client_tw_end,depot_tw_start,depot_tw_end,service_time_sec,pharmacies_count,vehicles_used,total_distance_km,total_time_sec,execution_time_sec,status,timestamp
05_02_05,5,2,25200,32400,18000,68400,300,54,3,39.88939999999999,20766,38.14636421203613,OK,2025-12-09T17:30:21.764528
05_02_10,5,2,25200,32400,18000,68400,600,54,5,49.82379999999999,36020,21.280395030975342,OK,2025-12-09T17:30:43.087678
05_02_15,5,2,25200,32400,18000,68400,900,54,7,57.15430000000001,49824,22.350637197494507,OK,2025-12-09T17:31:05.507238
05_02_20,5,2,25200,32400,18000,68400,1200,54,9,70.443,63186,30.052090883255005,OK,2025-12-09T17:31:35.577068
05_02_25,5,2,25200,32400,18000,68400,1500,54,11,76.85509999999996,74366,29.87349820137024,OK,2025-12-09T17:32:05.469741
05_02_30,5,2,25200,32400,18000,68400,1800,54,14,88.98839999999998,83314,21.415534019470215,OK,2025-12-09T17:32:26.908332
05_03_05,5,3,25200,36000,18000,68400,300,54,2,39.16519999999999,20867,21.560447931289673,OK,2025-12-09T17:32:48.476217
05_03_10,5,3,25200,36000,18000,68400,600,54,4,42.08419999999998,35777,21.70268416404724,OK,2025-12-09T17:33:10.187545
05_03_15,5,3,25200,36000,18000,68400,900,54,5,44.818799999999996,50192,20.944591760635376,OK,2025-12-09T17:33:31.151705
05_03_20,5,3,25200,36000,18000,68400,1200,54,6,50.729299999999995,64391,21.023028135299683,OK,2025-12-09T17:33:52.191058
05_03_25,5,3,25200,36000,18000,68400,1500,54,8,59.555800000000026,76897,21.69587779045105,OK,2025-12-09T17:34:13.904968
05_03_30,5,3,25200,36000,18000,68400,1800,54,9,69.6724,90079,22.938838958740234,OK,2025-12-09T17:34:36.861646
05_04_05,5,4,25200,39600,18000,68400,300,54,2,39.3269,20892,21.793058156967163,OK,2025-12-09T17:34:58.693926
05_04_10,5,4,25200,39600,18000,68400,600,54,3,42.9807,36320,21.362027883529663,OK,2025-12-09T17:35:20.063625
05_04_15,5,4,25200,39600,18000,68400,900,54,4,44.2266,50954,77.07146286964417,OK,2025-12-09T17:36:37.144132
05_04_20,5,4,25200,39600,18000,68400,1200,54,5,48.581500000000005,65287,21.034503936767578,OK,2025-12-09T17:36:58.189242
05_04_25,5,4,25200,39600,18000,68400,1500,54,6,49.820700000000016,78685,21.08161997795105,OK,2025-12-09T17:37:19.283997
05_04_30,5,4,25200,39600,18000,68400,1800,54,7,63.798799999999986,92782,21.624989986419678,OK,2025-12-09T17:37:40.923143
05_05_05,5,5,25200,43200,18000,68400,300,54,2,36.67690000000001,20598,21.13866376876831,OK,2025-12-09T17:38:02.069455
05_05_10,5,5,25200,43200,18000,68400,600,54,2,36.0806,36246,21.094080924987793,OK,2025-12-09T17:38:23.175166
05_05_15,5,5,25200,43200,18000,68400,900,54,3,39.953700000000005,51378,21.258304119110107,OK,2025-12-09T17:38:44.536113
05_05_20,5,5,25200,43200,18000,68400,1200,54,4,47.98759999999999,66291,21.032165050506592,OK,2025-12-09T17:39:05.613417
05_05_25,5,5,25200,43200,18000,68400,1500,54,5,49.823800000000006,80120,20.96631407737732,OK,2025-12-09T17:39:26.589465
05_05_30,5,5,25200,43200,18000,68400,1800,54,6,51.41760000000001,93278,21.358923196792603,OK,2025-12-09T17:39:47.958249
05_06_05,5,6,25200,46800,18000,68400,300,54,2,37.3376,20741,21.403326988220215,OK,2025-12-09T17:40:09.369653
05_06_10,5,6,25200,46800,18000,68400,600,54,2,39.16519999999999,36467,21.170725107192993,OK,2025-12-09T17:40:30.549102
05_06_15,5,6,25200,46800,18000,68400,900,54,3,39.19879999999998,51284,35.08034896850586,OK,2025-12-09T17:41:05.639754
05_06_20,5,6,25200,46800,18000,68400,1200,54,4,37.5706,65236,73.1595070362091,OK,2025-12-09T17:42:18.809398
05_06_25,5,6,25200,46800,18000,68400,1500,54,4,44.86110000000001,81067,70.26824188232422,OK,2025-12-09T17:43:29.085699
05_06_30,5,6,25200,46800,18000,68400,1800,54,5,44.818599999999996,94292,30.1736798286438,OK,2025-12-09T17:43:59.271442
05_07_05,5,7,25200,50400,18000,68400,300,54,2,37.3376,20741,27.720223903656006,OK,2025-12-09T17:44:27.001197
05_07_10,5,7,25200,50400,18000,68400,600,54,2,39.3269,36492,21.01180124282837,OK,2025-12-09T17:44:48.020321
05_07_15,5,7,25200,50400,18000,68400,900,54,3,33.475699999999996,50696,21.131025075912476,OK,2025-12-09T17:45:09.167577
05_07_20,5,7,25200,50400,18000,68400,1200,54,3,43.3589,66967,22.0500431060791,OK,2025-12-09T17:45:31.289763
05_07_25,5,7,25200,50400,18000,68400,1500,54,4,42.14699999999997,80784,22.552783727645874,OK,2025-12-09T17:45:53.898287
05_07_30,5,7,25200,50400,18000,68400,1800,54,4,44.96410000000001,96090,59.80864715576172,OK,2025-12-09T17:46:53.745926
05_08_05,5,8,25200,54000,18000,68400,300,54,2,37.3376,20741,25.083364009857178,OK,2025-12-09T17:47:18.969439
05_08_10,5,8,25200,54000,18000,68400,600,54,2,38.942599999999985,36461,21.26706290245056,OK,2025-12-09T17:47:40.248948
05_08_15,5,8,25200,54000,18000,68400,900,54,2,39.339899999999986,52094,21.506026029586792,OK,2025-12-09T17:48:01.765025
05_08_20,5,8,25200,54000,18000,68400,1200,54,3,42.603899999999996,66873,21.262156009674072,OK,2025-12-09T17:48:23.041417
05_08_25,5,8,25200,54000,18000,68400,1500,54,3,39.88939999999999,81966,66.65148687362671,OK,2025-12-09T17:49:29.707535
05_08_30,5,8,25200,54000,18000,68400,1800,54,4,44.290800000000004,95966,21.18160104751587,OK,2025-12-09T17:49:50.943958
05_09_05,5,9,25200,57600,18000,68400,300,54,2,37.3376,20741,60.99203586578369,OK,2025-12-09T17:50:52.000079
05_09_10,5,9,25200,57600,18000,68400,600,54,2,36.56649999999999,36182,82.96129703521729,OK,2025-12-09T17:52:15.050167
05_09_15,5,9,25200,57600,18000,68400,900,54,2,39.2756,52082,21.998231887817383,OK,2025-12-09T17:52:37.099176
05_09_20,5,9,25200,57600,18000,68400,1200,54,3,41.4585,66778,21.251633882522583,OK,2025-12-09T17:52:58.370006
05_09_25,5,9,25200,57600,18000,68400,1500,54,3,39.6189,81937,35.283668994903564,OK,2025-12-09T17:53:33.670937
15_08_10,15,8,25200,54000,18000,68400,600,78,3,165.61650000000006,61268,23.746608018875122,OK,2025-12-09T18:04:16.361804
15_08_15,15,8,25200,54000,18000,68400,900,78,3,160.5923,82965,23.592579126358032,OK,2025-12-09T18:04:39.998666
15_08_20,15,8,25200,54000,18000,68400,1200,78,4,159.70230000000004,104588,21.681880235671997,OK,2025-12-09T18:05:01.723086
15_08_25,15,8,25200,54000,18000,68400,1500,78,5,183.1014,126767,21.75619101524353,OK,2025-12-09T18:05:23.504489
15_08_30,15,8,25200,54000,18000,68400,1800,78,6,167.08759999999998,146684,21.55883288383484,OK,2025-12-09T18:05:45.086207
15_09_05,15,9,25200,57600,18000,68400,300,78,2,152.99929999999998,37776,22.139305114746094,OK,2025-12-09T18:06:07.245093
15_09_10,15,9,25200,57600,18000,68400,600,78,2,150.36169999999998,60116,25.655390977859497,OK,2025-12-09T18:06:32.919908
15_09_15,15,9,25200,57600,18000,68400,900,78,3,153.67519999999993,82502,23.533788919448853,OK,2025-12-09T18:06:56.476273
15_09_20,15,9,25200,57600,18000,68400,1200,78,4,161.95710000000003,104756,22.110015153884888,OK,2025-12-09T18:07:18.607682
15_09_25,15,9,25200,57600,18000,68400,1500,78,4,164.21349999999998,127181,21.390274047851562,OK,2025-12-09T18:07:40.017148
15_09_30,15,9,25200,57600,18000,68400,1800,78,5,164.8753,148113,28.217822074890137,OK,2025-12-09T18:08:08.252269
15_10_05,15,10,25200,61200,18000,68400,300,78,2,152.99929999999998,37776,21.48835587501526,OK,2025-12-09T18:08:29.759478
15_10_10,15,10,25200,61200,18000,68400,600,78,2,156.65409999999994,60514,24.601626873016357,OK,2025-12-09T18:08:54.379098
15_10_15,15,10,25200,61200,18000,68400,900,78,3,157.0384999999999,82893,21.362973928451538,OK,2025-12-09T18:09:15.763026
15_10_20,15,10,25200,61200,18000,68400,1200,78,3,161.0527,105531,22.699602842330933,OK,2025-12-09T18:09:38.480339
15_10_25,15,10,25200,61200,18000,68400,1500,78,4,166.6212,127036,62.13021898269653,OK,2025-12-09T18:10:40.684817
15_10_30,15,10,25200,61200,18000,68400,1800,78,5,176.35410000000002,148723,21.70884394645691,OK,2025-12-09T18:11:02.423984
20_02_05,20,2,25200,32400,18000,68400,300,105,8,291.84659999999997,55549,22.616315841674805,OK,2025-12-09T18:11:25.088300
20_02_10,20,2,25200,32400,18000,68400,600,105,11,374.55739999999975,88152,22.189345836639404,OK,2025-12-09T18:11:47.330498
20_02_15,20,2,25200,32400,18000,68400,900,105,15,359.86889999999994,112464,22.07798194885254,OK,2025-12-09T18:12:09.468226
20_02_20,20,2,25200,32400,18000,68400,1200,105,19,419.81969999999995,139088,32.58846712112427,OK,2025-12-09T18:12:42.135505
20_02_25,20,2,25200,32400,18000,68400,1500,105,22,443.6930999999999,162005,23.15420413017273,OK,2025-12-09T18:13:05.358675
20_02_30,20,2,25200,32400,18000,68400,1800,105,27,504.38909999999976,182889,22.677252769470215,OK,2025-12-09T18:13:28.117558
20_03_05,20,3,25200,36000,18000,68400,300,105,5,262.17679999999996,54496,22.599390983581543,OK,2025-12-09T18:13:50.751792
20_03_10,20,3,25200,36000,18000,68400,600,105,8,290.99519999999995,84420,28.92138171195984,OK,2025-12-09T18:14:19.711275
20_03_15,20,3,25200,36000,18000,68400,900,105,10,310.4430000000001,114426,34.77743911743164,OK,2025-12-09T18:14:54.554825
20_03_20,20,3,25200,36000,18000,68400,1200,105,13,375.99919999999986,143643,27.274441957473755,OK,2025-12-09T18:15:21.880033
20_03_25,20,3,25200,36000,18000,68400,1500,105,16,366.91849999999994,165208,30.456482648849487,OK,2025-12-09T18:15:52.386832
20_03_30,20,3,25200,36000,18000,68400,1800,105,18,397.8865,190746,22.831235885620117,OK,2025-12-09T18:16:15.326225
20_04_05,20,4,25200,39600,18000,68400,300,105,4,250.95309999999995,54263,22.781947135925293,OK,2025-12-09T18:16:38.178161
20_04_10,20,4,25200,39600,18000,68400,600,105,6,254.70069999999998,84288,23.045988082885742,OK,2025-12-09T18:17:01.296914
20_04_15,20,4,25200,39600,18000,68400,900,105,8,291.4425,114569,22.206428289413452,OK,2025-12-09T18:17:23.532255
20_04_20,20,4,25200,39600,18000,68400,1200,105,10,318.7190999999999,142560,25.095274925231934,OK,2025-12-09T18:17:48.656436
20_04_25,20,4,25200,39600,18000,68400,1500,105,12,350.08569999999986,171041,23.310478925704956,OK,2025-12-09T18:18:12.013377
20_04_30,20,4,25200,39600,18000,68400,1800,105,14,360.65909999999997,196092,38.947421073913574,OK,2025-12-09T18:18:51.014270
20_05_05,20,5,25200,43200,18000,68400,300,105,3,252.85370000000003,54064,79.37998795509338,OK,2025-12-09T18:20:10.457155
20_05_10,20,5,25200,43200,18000,68400,600,105,5,253.87420000000012,84079,22.731472969055176,OK,2025-12-09T18:20:33.250721
20_05_15,20,5,25200,43200,18000,68400,900,105,7,265.44660000000005,113474,72.27530097961426,OK,2025-12-09T18:21:45.552005
20_05_20,20,5,25200,43200,18000,68400,1200,105,8,303.1039,143471,22.785753965377808,OK,2025-12-09T18:22:08.393723
20_05_25,20,5,25200,43200,18000,68400,1500,105,10,304.8116,170136,51.23793983459473,OK,2025-12-09T18:22:59.711747
20_05_30,20,5,25200,43200,18000,68400,1800,105,11,317.8102,198195,22.501492023468018,OK,2025-12-09T18:23:22.273872
20_06_05,20,6,25200,46800,18000,68400,300,105,3,231.69310000000004,53280,26.314841985702515,OK,2025-12-09T18:23:48.611831
20_06_10,20,6,25200,46800,18000,68400,600,105,4,263.2250999999999,85167,22.850011825561523,OK,2025-12-09T18:24:11.511787
20_06_15,20,6,25200,46800,18000,68400,900,105,6,253.84449999999998,113717,27.46669912338257,OK,2025-12-09T18:24:39.024365
20_06_20,20,6,25200,46800,18000,68400,1200,105,7,272.0830000000001,142981,22.30646014213562,OK,2025-12-09T18:25:01.370208
20_06_25,20,6,25200,46800,18000,68400,1500,105,8,302.5617,172653,54.92998194694519,OK,2025-12-09T18:25:56.346532
20_06_30,20,6,25200,46800,18000,68400,1800,105,10,309.8459,199314,22.394031286239624,OK,2025-12-09T18:26:18.803107
20_07_05,20,7,25200,50400,18000,68400,300,105,3,235.0348,53348,25.039465188980103,OK,2025-12-09T18:26:43.883180
20_07_10,20,7,25200,50400,18000,68400,600,105,4,250.90999999999994,84648,77.04148483276367,OK,2025-12-09T18:28:00.967250
20_07_15,20,7,25200,50400,18000,68400,900,105,5,251.2934,114232,22.356871843338013,OK,2025-12-09T18:28:23.375742
20_07_20,20,7,25200,50400,18000,68400,1200,105,6,283.1135,144660,65.1215193271637,OK,2025-12-09T18:29:28.551321
20_07_25,20,7,25200,50400,18000,68400,1500,105,7,278.1226000000002,172491,22.407798051834106,OK,2025-12-09T18:29:50.988982
20_07_30,20,7,25200,50400,18000,68400,1800,105,8,326.32300000000026,202395,22.124295234680176,OK,2025-12-09T18:30:13.172285
20_08_05,20,8,25200,54000,18000,68400,300,105,3,252.0722,54891,23.94066596031189,OK,2025-12-09T18:30:37.150954
20_08_10,20,8,25200,54000,18000,68400,600,105,3,253.77140000000003,84964,30.076317071914673,OK,2025-12-09T18:31:07.270248
20_08_15,20,8,25200,54000,18000,68400,900,105,4,263.3116,114903,22.01365089416504,OK,2025-12-09T18:31:29.308980
20_08_20,20,8,25200,54000,18000,68400,1200,105,5,261.72029999999995,145108,22.647624969482422,OK,2025-12-09T18:31:52.008142
20_08_25,20,8,25200,54000,18000,68400,1500,105,6,309.32340000000005,175870,30.969069004058838,OK,2025-12-09T18:32:23.029044
20_08_30,20,8,25200,54000,18000,68400,1800,105,7,280.36319999999984,202240,27.578068017959595,OK,2025-12-09T18:32:50.667246
20_09_05,20,9,25200,57600,18000,68400,300,105,3,236.98439999999997,53056,22.662909746170044,OK,2025-12-09T18:33:13.367748
20_09_10,20,9,25200,57600,18000,68400,600,105,3,243.20530000000002,84517,23.37776803970337,OK,2025-12-09T18:33:36.824798
20_09_15,20,9,25200,57600,18000,68400,900,105,4,249.31809999999993,114366,22.41321587562561,OK,2025-12-09T18:33:59.292877
20_09_20,20,9,25200,57600,18000,68400,1200,105,5,250.58930000000007,144141,59.84423875808716,OK,2025-12-09T18:34:59.190162
20_09_25,20,9,25200,57600,18000,68400,1500,105,6,267.4781999999999,173882,22.739346742630005,OK,2025-12-09T18:35:21.982073
20_09_30,20,9,25200,57600,18000,68400,1800,105,7,281.74639999999994,202285,23.195060968399048,OK,2025-12-09T18:35:45.225867
20_10_05,20,10,25200,61200,18000,68400,300,105,3,236.98439999999997,53056,22.31117606163025,OK,2025-12-09T18:36:07.598827
20_10_10,20,10,25200,61200,18000,68400,600,105,3,236.07870000000005,83688,22.708406925201416,OK,2025-12-09T18:36:30.356855
20_10_15,20,10,25200,61200,18000,68400,900,105,4,233.2211,113585,22.63819980621338,OK,2025-12-09T18:36:53.032373
20_10_20,20,10,25200,61200,18000,68400,1200,105,5,260.57790000000006,144063,23.1272029876709,OK,2025-12-09T18:37:16.210936
20_10_25,20,10,25200,61200,18000,68400,1500,105,5,262.4408,174133,25.087729930877686,OK,2025-12-09T18:37:41.346852
20_10_30,20,10,25200,61200,18000,68400,1800,105,6,253.7019000000001,202323,29.360158920288086,OK,2025-12-09T18:38:10.751419
25_02_05,25,2,25200,32400,18000,68400,300,137,10,515.4727999999999,78754,23.90062689781189,OK,2025-12-09T18:38:34.724320
25_02_10,25,2,25200,32400,18000,68400,600,137,15,611.8895999999997,120432,24.761574268341064,OK,2025-12-09T18:38:59.553348
25_02_15,25,2,25200,32400,18000,68400,900,137,20,646.2813999999997,155701,23.268402814865112,OK,2025-12-09T18:39:22.913683
25_02_20,25,2,25200,32400,18000,68400,1200,137,25,720.5474999999999,188928,24.447162866592407,OK,2025-12-09T18:39:47.456817
25_02_25,25,2,25200,32400,18000,68400,1500,137,29,842.6832999999999,224317,23.408817291259766,OK,2025-12-09T18:40:10.976699
25_02_30,25,2,25200,32400,18000,68400,1800,137,35,857.4469999999998,247800,23.6038601398468,OK,2025-12-09T18:40:34.679000
25_03_05,25,3,25200,36000,18000,68400,300,137,7,442.84949999999986,75947,23.76224422454834,OK,2025-12-09T18:40:58.500846
25_03_10,25,3,25200,36000,18000,68400,600,137,11,515.9629000000001,117434,22.89716601371765,OK,2025-12-09T18:41:21.464973
25_03_15,25,3,25200,36000,18000,68400,900,137,14,549.7880999999999,155065,23.097358226776123,OK,2025-12-09T18:41:44.630918
25_03_20,25,3,25200,36000,18000,68400,1200,137,17,621.8091000000002,192491,24.213136196136475,OK,2025-12-09T18:42:08.981475
25_03_25,25,3,25200,36000,18000,68400,1500,137,21,642.2901,223497,23.360092878341675,OK,2025-12-09T18:42:32.423864
25_03_30,25,3,25200,36000,18000,68400,1800,137,24,710.7798000000001,257214,64.68948316574097,OK,2025-12-09T18:43:37.203810
25_04_05,25,4,25200,39600,18000,68400,300,137,6,427.8007999999998,75542,23.595135927200317,OK,2025-12-09T18:44:00.844694
25_04_10,25,4,25200,39600,18000,68400,600,137,8,468.4367000000002,115765,24.05598473548889,OK,2025-12-09T18:44:24.958874
25_04_15,25,4,25200,39600,18000,68400,900,137,11,519.2325999999998,156365,23.654504776000977,OK,2025-12-09T18:44:48.715490
25_04_20,25,4,25200,39600,18000,68400,1200,137,13,579.1197999999999,194462,23.540247201919556,OK,2025-12-09T18:45:12.326776
25_04_25,25,4,25200,39600,18000,68400,1500,137,16,559.9662999999998,226321,25.452276945114136,OK,2025-12-09T18:45:37.874422
25_04_30,25,4,25200,39600,18000,68400,1800,137,19,611.5026,260006,23.63305687904358,OK,2025-12-09T18:46:01.841822
25_05_05,25,5,25200,43200,18000,68400,300,137,5,407.95490000000007,74995,23.731634855270386,OK,2025-12-09T18:46:25.662493
25_05_10,25,5,25200,43200,18000,68400,600,137,7,441.10379999999986,115694,23.31561017036438,OK,2025-12-09T18:46:49.212986
25_05_15,25,5,25200,43200,18000,68400,900,137,9,448.3935000000001,153335,33.56630873680115,OK,2025-12-09T18:47:22.846239
25_05_20,25,5,25200,43200,18000,68400,1200,137,11,521.2352999999998,193483,23.272646188735962,OK,2025-12-09T18:47:46.183606
25_05_25,25,5,25200,43200,18000,68400,1500,137,13,526.1129000000001,228733,25.01041603088379,OK,2025-12-09T18:48:11.261027
25_05_30,25,5,25200,43200,18000,68400,1800,137,15,544.5273999999997,263662,25.60121488571167,OK,2025-12-09T18:48:36.942692
25_06_05,25,6,25200,46800,18000,68400,300,137,4,391.6302999999998,74441,23.092017889022827,OK,2025-12-09T18:49:00.083979
25_06_10,25,6,25200,46800,18000,68400,600,137,6,442.2539999999998,115129,23.647456884384155,OK,2025-12-09T18:49:23.796420
25_06_15,25,6,25200,46800,18000,68400,900,137,8,473.67149999999987,154930,33.683542013168335,OK,2025-12-09T18:49:57.544548
25_06_20,25,6,25200,46800,18000,68400,1200,137,9,468.8509999999997,194106,70.74141192436218,OK,2025-12-09T18:51:08.384702
25_06_25,25,6,25200,46800,18000,68400,1500,137,11,495.50830000000013,231408,25.541965007781982,OK,2025-12-09T18:51:33.993511
25_06_30,25,6,25200,46800,18000,68400,1800,137,13,526.7782999999997,266074,23.475980043411255,OK,2025-12-09T18:51:57.541512
25_07_05,25,7,25200,50400,18000,68400,300,137,3,425.19780000000014,76506,23.408249139785767,OK,2025-12-09T18:52:21.003588
25_07_10,25,7,25200,50400,18000,68400,600,137,5,428.59929999999986,115512,23.114927053451538,OK,2025-12-09T18:52:44.175843
25_07_15,25,7,25200,50400,18000,68400,900,137,6,429.8416999999999,154880,23.54033398628235,OK,2025-12-09T18:53:07.775636
25_07_20,25,7,25200,50400,18000,68400,1200,137,8,476.77319999999975,194441,23.284348249435425,OK,2025-12-09T18:53:31.117702
25_07_25,25,7,25200,50400,18000,68400,1500,137,10,472.7980999999999,230069,23.49444603919983,OK,2025-12-09T18:53:54.707481
25_07_30,25,7,25200,50400,18000,68400,1800,137,11,482.04779999999994,267717,25.35780692100525,OK,2025-12-09T18:54:20.141330
25_08_05,25,8,25200,54000,18000,68400,300,137,3,433.2574999999999,76612,23.11230206489563,OK,2025-12-09T18:54:43.314943
25_08_10,25,8,25200,54000,18000,68400,600,137,4,445.4501999999997,116521,23.878941774368286,OK,2025-12-09T18:55:07.247580
25_08_15,25,8,25200,54000,18000,68400,900,137,6,445.2319999999999,154974,29.104678869247437,OK,2025-12-09T18:55:36.407251
25_08_20,25,8,25200,54000,18000,68400,1200,137,7,467.6968999999998,194653,23.95047879219055,OK,2025-12-09T18:56:00.431125
25_08_25,25,8,25200,54000,18000,68400,1500,137,9,470.96949999999975,232033,23.22788095474243,OK,2025-12-09T18:56:23.716964
25_08_30,25,8,25200,54000,18000,68400,1800,137,10,487.0103999999999,269667,23.41239595413208,OK,2025-12-09T18:56:47.187696
25_09_05,25,9,25200,57600,18000,68400,300,137,3,426.95469999999995,76706,23.21621012687683,OK,2025-12-09T18:57:10.458016
25_09_10,25,9,25200,57600,18000,68400,600,137,4,406.79999999999995,114801,23.02441430091858,OK,2025-12-09T18:57:33.529592
25_09_15,25,9,25200,57600,18000,68400,900,137,5,409.05679999999995,154748,25.81700587272644,OK,2025-12-09T18:57:59.421178
25_09_20,25,9,25200,57600,18000,68400,1200,137,6,466.7912000000001,195743,23.0586519241333,OK,2025-12-09T18:58:22.537083
25_09_25,25,9,25200,57600,18000,68400,1500,137,8,509.1202999999998,233701,23.234999179840088,OK,2025-12-09T18:58:45.824182
25_09_30,25,9,25200,57600,18000,68400,1800,137,9,483.7357999999999,270574,23.004827737808228,OK,2025-12-09T18:59:08.886081
25_10_05,25,10,25200,61200,18000,68400,300,137,3,432.51520000000005,76449,25.818161964416504,OK,2025-12-09T18:59:34.755011
25_10_10,25,10,25200,61200,18000,68400,600,137,4,418.9146000000001,115925,23.3335702419281,OK,2025-12-09T18:59:58.156360
25_10_15,25,10,25200,61200,18000,68400,900,137,5,413.01,153865,23.142425060272217,OK,2025-12-09T19:00:21.350791
25_10_20,25,10,25200,61200,18000,68400,1200,137,6,468.7029000000001,195787,23.479774236679077,OK,2025-12-09T19:00:44.883954
25_10_25,25,10,25200,61200,18000,68400,1500,137,7,453.5093999999997,233151,23.03784489631653,OK,2025-12-09T19:01:07.983506
25_10_30,25,10,25200,61200,18000,68400,1800,137,8,465.40000000000003,271360,23.081223964691162,OK,2025-12-09T19:01:31.110831
30_02_05,30,2,25200,32400,18000,68400,300,180,14,815.2615999999996,111831,24.38987398147583,OK,2025-12-09T19:01:55.591145
30_02_10,30,2,25200,32400,18000,68400,600,180,21,945.1558000000001,167555,24.338727951049805,OK,2025-12-09T19:02:20.036612
30_02_15,30,2,25200,32400,18000,68400,900,180,27,1083.0657,215110,60.94944906234741,OK,2025-12-09T19:03:21.138086
30_02_20,30,2,25200,32400,18000,68400,1200,180,33,1105.3124,255527,74.44600319862366,OK,2025-12-09T19:04:35.716056
30_02_25,30,2,25200,32400,18000,68400,1500,180,39,1310.5436000000004,302725,24.95467710494995,OK,2025-12-09T19:05:00.809614
30_02_30,30,2,25200,32400,18000,68400,1800,180,46,1449.2916000000002,340337,25.583800077438354,OK,2025-12-09T19:05:26.552643
30_03_05,30,3,25200,36000,18000,68400,300,180,10,762.6069999999996,109905,24.103448629379272,OK,2025-12-09T19:05:50.755168
30_03_10,30,3,25200,36000,18000,68400,600,180,14,829.9141000000001,162975,32.20314002037048,OK,2025-12-09T19:06:23.055197
30_03_15,30,3,25200,36000,18000,68400,900,180,19,903.1899000000004,211826,24.90050721168518,OK,2025-12-09T19:06:48.052292
30_03_20,30,3,25200,36000,18000,68400,1200,180,23,982.2812999999996,259333,24.556981086730957,OK,2025-12-09T19:07:12.762398
30_03_25,30,3,25200,36000,18000,68400,1500,180,27,1144.3261000000007,309959,24.00044012069702,OK,2025-12-09T19:07:36.895251
30_03_30,30,3,25200,36000,18000,68400,1800,180,32,1190.005500000001,351323,24.928913116455078,OK,2025-12-09T19:08:01.959841
30_04_05,30,4,25200,39600,18000,68400,300,180,8,744.3605,109889,24.024755239486694,OK,2025-12-09T19:08:26.062422
30_04_10,30,4,25200,39600,18000,68400,600,180,11,762.7817,161021,23.998097896575928,OK,2025-12-09T19:08:50.156377
30_04_15,30,4,25200,39600,18000,68400,900,180,15,840.4462999999997,212294,23.739474058151245,OK,2025-12-09T19:09:13.993571
30_04_20,30,4,25200,39600,18000,68400,1200,180,18,844.6649000000004,259760,27.900425910949707,OK,2025-12-09T19:09:41.984715
30_04_25,30,4,25200,39600,18000,68400,1500,180,21,922.2163,307291,24.739747047424316,OK,2025-12-09T19:10:06.833419
30_04_30,30,4,25200,39600,18000,68400,1800,180,24,1003.4303,354793,24.01981782913208,OK,2025-12-09T19:10:30.972366
30_05_05,30,5,25200,43200,18000,68400,300,180,6,703.5577000000002,107749,24.37223982810974,OK,2025-12-09T19:10:55.425092
30_05_10,30,5,25200,43200,18000,68400,600,180,9,753.3020999999998,162669,78.56344294548035,OK,2025-12-09T19:12:14.073444
30_05_15,30,5,25200,43200,18000,68400,900,180,12,822.6456999999999,214419,28.15825390815735,OK,2025-12-09T19:12:42.393955
30_05_20,30,5,25200,43200,18000,68400,1200,180,15,816.4478,260215,23.88997507095337,OK,2025-12-09T19:13:06.372576
30_05_25,30,5,25200,43200,18000,68400,1500,180,17,915.6205000000003,313839,24.134331941604614,OK,2025-12-09T19:13:30.609580
30_05_30,30,5,25200,43200,18000,68400,1800,180,20,898.5314999999997,355959,33.566810131073,OK,2025-12-09T19:14:04.281079
30_06_05,30,6,25200,46800,18000,68400,300,180,5,679.8879999999997,106974,25.29493498802185,OK,2025-12-09T19:14:29.657569
30_06_10,30,6,25200,46800,18000,68400,600,180,8,736.8224999999995,160336,63.429396867752075,OK,2025-12-09T19:15:33.159024
30_06_15,30,6,25200,46800,18000,68400,900,180,10,702.2753999999999,209926,30.467055082321167,OK,2025-12-09T19:16:03.717837
30_06_20,30,6,25200,46800,18000,68400,1200,180,12,835.793,266051,24.1052348613739,OK,2025-12-09T19:16:27.914535
30_06_25,30,6,25200,46800,18000,68400,1500,180,14,828.0223000000003,310202,24.30360984802246,OK,2025-12-09T19:16:52.303055
30_06_30,30,6,25200,46800,18000,68400,1800,180,17,807.09,355081,24.468271732330322,OK,2025-12-09T19:17:16.887258
30_07_05,30,7,25200,50400,18000,68400,300,180,5,704.8112000000001,108239,24.188896894454956,OK,2025-12-09T19:17:41.144057
30_07_10,30,7,25200,50400,18000,68400,600,180,7,756.1917000000004,162172,24.376399040222168,OK,2025-12-09T19:18:05.598706
30_07_15,30,7,25200,50400,18000,68400,900,180,9,732.6636000000002,212153,24.0312020778656,OK,2025-12-09T19:18:29.702227
30_07_20,30,7,25200,50400,18000,68400,1200,180,11,774.8505,263038,23.91546607017517,OK,2025-12-09T19:18:53.694815
30_07_25,30,7,25200,50400,18000,68400,1500,180,13,807.5202000000003,313516,24.656206846237183,OK,2025-12-09T19:19:18.443850
30_07_30,30,7,25200,50400,18000,68400,1800,180,15,795.753,360813,24.243570804595947,OK,2025-12-09T19:19:42.797132
30_08_05,30,8,25200,54000,18000,68400,300,180,4,690.6144,107407,31.45781111717224,OK,2025-12-09T19:20:14.330723
30_08_10,30,8,25200,54000,18000,68400,600,180,6,712.2804000000003,160747,28.931416034698486,OK,2025-12-09T19:20:43.332931
30_08_15,30,8,25200,54000,18000,68400,900,180,8,742.9407000000002,213615,24.21118998527527,OK,2025-12-09T19:21:07.684025
30_08_20,30,8,25200,54000,18000,68400,1200,180,9,798.7069999999999,265813,24.31058382987976,OK,2025-12-09T19:21:32.082176
30_08_25,30,8,25200,54000,18000,68400,1500,180,11,830.5835,316814,25.913308143615723,OK,2025-12-09T19:21:58.072823
30_08_30,30,8,25200,54000,18000,68400,1800,180,13,820.0791999999998,363984,24.945635080337524,OK,2025-12-09T19:22:23.102567
30_09_05,30,9,25200,57600,18000,68400,300,180,4,683.3051999999998,107291,24.097100257873535,OK,2025-12-09T19:22:47.251690
30_09_10,30,9,25200,57600,18000,68400,600,180,5,708.4656999999999,161099,24.66279673576355,OK,2025-12-09T19:23:11.977062
30_09_15,30,9,25200,57600,18000,68400,900,180,7,737.7804000000002,212894,24.22229504585266,OK,2025-12-09T19:23:36.268629
30_09_20,30,9,25200,57600,18000,68400,1200,180,9,781.9516,266023,23.64918804168701,OK,2025-12-09T19:23:59.989975
30_09_25,30,9,25200,57600,18000,68400,1500,180,10,800.8266999999998,315824,65.80292987823486,OK,2025-12-09T19:25:05.864977
30_09_30,30,9,25200,57600,18000,68400,1800,180,11,756.1618000000001,363081,25.222201108932495,OK,2025-12-09T19:25:31.161637
30_10_05,30,10,25200,61200,18000,68400,300,180,4,653.6943000000001,106187,23.81009602546692,OK,2025-12-09T19:25:55.017998
30_10_10,30,10,25200,61200,18000,68400,600,180,5,714.6356999999996,161782,23.558232069015503,OK,2025-12-09T19:26:18.641626
30_10_15,30,10,25200,61200,18000,68400,900,180,6,700.9059999999997,211607,26.07209801673889,OK,2025-12-09T19:26:44.777300
30_10_20,30,10,25200,61200,18000,68400,1200,180,8,724.9102999999997,263653,32.30907607078552,OK,2025-12-09T19:27:17.169060
30_10_25,30,10,25200,61200,18000,68400,1500,180,9,745.2652000000004,314407,23.67888903617859,OK,2025-12-09T19:27:40.927700
30_10_30,30,10,25200,61200,18000,68400,1800,180,11,784.978,365580,23.657052278518677,OK,2025-12-09T19:28:04.669447
35_02_05,35,2,25200,32400,18000,68400,300,215,16,1042.7558999999994,138530,25.3225998878479,OK,2025-12-09T19:28:30.077566
35_02_10,35,2,25200,32400,18000,68400,600,215,24,1193.2772999999997,200842,24.526468992233276,OK,2025-12-09T19:28:54.713972
35_02_15,35,2,25200,32400,18000,68400,900,215,33,1350.7394000000004,259628,25.105000019073486,OK,2025-12-09T19:29:19.988838
35_02_20,35,2,25200,32400,18000,68400,1200,215,40,1629.5015999999996,322379,25.26446795463562,OK,2025-12-09T19:29:45.413357
35_02_25,35,2,25200,32400,18000,68400,1500,215,46,1760.6007999999997,373533,25.73413610458374,OK,2025-12-09T19:30:11.310149
35_02_30,35,2,25200,32400,18000,68400,1800,215,55,1943.0960999999995,419073,65.73261308670044,OK,2025-12-09T19:31:17.229645
35_03_05,35,3,25200,36000,18000,68400,300,215,12,955.3373,134491,24.217307090759277,OK,2025-12-09T19:31:41.581897
35_03_10,35,3,25200,36000,18000,68400,600,215,17,1052.2413999999997,199204,30.231637001037598,OK,2025-12-09T19:32:11.915376
35_03_15,35,3,25200,36000,18000,68400,900,215,23,1193.349699999999,261617,25.080720901489258,OK,2025-12-09T19:32:37.112718
35_03_20,35,3,25200,36000,18000,68400,1200,215,27,1264.7042000000004,316769,25.104925870895386,OK,2025-12-09T19:33:02.343799
35_03_25,35,3,25200,36000,18000,68400,1500,215,33,1430.1416000000004,373984,24.762161254882812,OK,2025-12-09T19:33:27.238028
35_03_30,35,3,25200,36000,18000,68400,1800,215,38,1513.7279999999992,426305,24.6568660736084,OK,2025-12-09T19:33:52.041480
35_04_05,35,4,25200,39600,18000,68400,300,215,9,954.9981,135806,24.48237895965576,OK,2025-12-09T19:34:16.616004
35_04_10,35,4,25200,39600,18000,68400,600,215,13,960.4977999999999,195637,24.605211973190308,OK,2025-12-09T19:34:41.322563
35_04_15,35,4,25200,39600,18000,68400,900,215,18,988.6326000000003,253113,24.692482948303223,OK,2025-12-09T19:35:06.129252
35_04_20,35,4,25200,39600,18000,68400,1200,215,22,1136.5319000000002,317374,24.704126119613647,OK,2025-12-09T19:35:30.948369
35_04_25,35,4,25200,39600,18000,68400,1500,215,25,1311.6929,378395,25.860652923583984,OK,2025-12-09T19:35:56.911060
35_04_30,35,4,25200,39600,18000,68400,1800,215,29,1364.107400000001,433833,24.728307008743286,OK,2025-12-09T19:36:21.754498
35_05_05,35,5,25200,43200,18000,68400,300,215,8,883.4803999999999,131369,24.750566959381104,OK,2025-12-09T19:36:46.577696
35_05_10,35,5,25200,43200,18000,68400,600,215,11,911.2497000000002,194110,25.4290030002594,OK,2025-12-09T19:37:12.086555
35_05_15,35,5,25200,43200,18000,68400,900,215,14,1008.0724999999994,258418,24.730502128601074,OK,2025-12-09T19:37:36.912794
35_05_20,35,5,25200,43200,18000,68400,1200,215,17,1067.6968000000006,316942,24.84536910057068,OK,2025-12-09T19:38:01.856341
35_05_25,35,5,25200,43200,18000,68400,1500,215,21,1141.2058000000004,376818,24.87583899497986,OK,2025-12-09T19:38:26.824721
35_05_30,35,5,25200,43200,18000,68400,1800,215,24,1221.2946,434259,25.56515097618103,OK,2025-12-09T19:38:52.657675
35_06_05,35,6,25200,46800,18000,68400,300,215,6,837.0074999999998,131740,24.49295687675476,OK,2025-12-09T19:39:17.587660
35_06_10,35,6,25200,46800,18000,68400,600,215,9,903.4093999999997,195646,34.57119107246399,OK,2025-12-09T19:39:52.242563
35_06_15,35,6,25200,46800,18000,68400,900,215,12,1005.4825000000005,258859,25.35895824432373,OK,2025-12-09T19:40:17.710323
35_06_20,35,6,25200,46800,18000,68400,1200,215,15,995.2552000000003,316176,24.858636140823364,OK,2025-12-09T19:40:42.653246
35_06_25,35,6,25200,46800,18000,68400,1500,215,18,1065.1155999999994,376107,30.0642569065094,OK,2025-12-09T19:41:12.843587
35_06_30,35,6,25200,46800,18000,68400,1800,215,20,1166.2174999999995,436626,26.90249991416931,OK,2025-12-09T19:41:39.907861
35_07_05,35,7,25200,50400,18000,68400,300,215,6,851.8949999999994,131855,25.585808038711548,OK,2025-12-09T19:42:05.577819
35_07_10,35,7,25200,50400,18000,68400,600,215,8,866.7693000000003,193525,24.597097873687744,OK,2025-12-09T19:42:30.268738
35_07_15,35,7,25200,50400,18000,68400,900,215,11,901.6200999999998,255904,25.263933181762695,OK,2025-12-09T19:42:55.616732
35_07_20,35,7,25200,50400,18000,68400,1200,215,13,954.5541999999996,317119,25.347640991210938,OK,2025-12-09T19:43:21.063836
35_07_25,35,7,25200,50400,18000,68400,1500,215,15,1026.3198,380140,25.49277687072754,OK,2025-12-09T19:43:46.721664
35_07_30,35,7,25200,50400,18000,68400,1800,215,18,988.1056999999998,431501,26.453548669815063,OK,2025-12-09T19:44:13.271349
35_08_05,35,8,25200,54000,18000,68400,300,215,5,822.3237,129631,34.342740058898926,OK,2025-12-09T19:44:47.678394
35_08_10,35,8,25200,54000,18000,68400,600,215,7,915.5043,196665,66.941486120224,OK,2025-12-09T19:45:54.682227
35_08_15,35,8,25200,54000,18000,68400,900,215,9,905.9220000000003,258491,24.76427125930786,OK,2025-12-09T19:46:19.512830
35_08_20,35,8,25200,54000,18000,68400,1200,215,11,919.6735999999993,317575,28.49499225616455,OK,2025-12-09T19:46:48.076839
35_08_25,35,8,25200,54000,18000,68400,1500,215,13,1059.5797000000002,382909,25.831310749053955,OK,2025-12-09T19:47:13.984995
35_08_30,35,8,25200,54000,18000,68400,1800,215,15,1114.9708999999993,441834,24.78889799118042,OK,2025-12-09T19:47:38.857931
35_09_05,35,9,25200,57600,18000,68400,300,215,5,798.7086999999999,129484,24.645432233810425,OK,2025-12-09T19:48:03.557697
35_09_10,35,9,25200,57600,18000,68400,600,215,6,826.4125000000001,192232,27.779932260513306,OK,2025-12-09T19:48:31.395248
35_09_15,35,9,25200,57600,18000,68400,900,215,8,873.9524999999999,256986,24.862823009490967,OK,2025-12-09T19:48:56.319207
35_09_20,35,9,25200,57600,18000,68400,1200,215,10,950.1527000000003,318818,24.712043046951294,OK,2025-12-09T19:49:21.098145
35_09_25,35,9,25200,57600,18000,68400,1500,215,12,981.4861999999998,380883,27.799242973327637,OK,2025-12-09T19:49:48.970153
35_09_30,35,9,25200,57600,18000,68400,1800,215,14,1022.2856999999999,439964,25.289612770080566,OK,2025-12-09T19:50:14.342686
35_10_05,35,10,25200,61200,18000,68400,300,215,5,834.1121999999999,130908,27.918091773986816,OK,2025-12-09T19:50:42.321521
35_10_10,35,10,25200,61200,18000,68400,600,215,6,861.7379999999999,194249,25.94491219520569,OK,2025-12-09T19:51:08.333327
35_10_15,35,10,25200,61200,18000,68400,900,215,8,890.5295000000002,257252,24.840415000915527,OK,2025-12-09T19:51:33.248339
35_10_20,35,10,25200,61200,18000,68400,1200,215,9,892.3598999999997,319119,24.97163486480713,OK,2025-12-09T19:51:58.306388
35_10_25,35,10,25200,61200,18000,68400,1500,215,11,974.0123999999997,381431,24.23836088180542,OK,2025-12-09T19:52:22.638542
35_10_30,35,10,25200,61200,18000,68400,1800,215,13,1021.6874999999999,441833,24.717736959457397,OK,2025-12-09T19:52:47.443703
40_02_05,40,2,25200,32400,18000,68400,300,259,20,1331.0872000000002,169848,26.764663219451904,OK,2025-12-09T19:53:14.324911
40_02_10,40,2,25200,32400,18000,68400,600,259,30,1529.5253999999995,245045,26.12536597251892,OK,2025-12-09T19:53:40.589150
40_02_15,40,2,25200,32400,18000,68400,900,259,38,1761.7091,319265,25.32206416130066,OK,2025-12-09T19:54:06.074919
40_02_20,40,2,25200,32400,18000,68400,1200,259,48,2036.2629999999995,392210,25.942296028137207,OK,2025-12-09T19:54:32.213280
40_02_25,40,2,25200,32400,18000,68400,1500,259,56,2296.4727,455630,65.68778395652771,OK,2025-12-09T19:55:38.114291
40_02_30,40,2,25200,32400,18000,68400,1800,259,67,2669.1839999999984,516481,86.27274703979492,OK,2025-12-09T19:57:04.619993
40_03_05,40,3,25200,36000,18000,68400,300,259,14,1110.3870000000006,157930,28.815669059753418,OK,2025-12-09T19:57:33.561785
40_03_10,40,3,25200,36000,18000,68400,600,259,21,1291.7482,239218,25.07466411590576,OK,2025-12-09T19:57:58.760718
40_03_15,40,3,25200,36000,18000,68400,900,259,27,1432.1562999999996,313707,25.836151838302612,OK,2025-12-09T19:58:24.721242
40_03_20,40,3,25200,36000,18000,68400,1200,259,33,1682.771100000001,386727,25.53784203529358,OK,2025-12-09T19:58:50.406844
40_03_25,40,3,25200,36000,18000,68400,1500,259,39,1881.1597,456963,25.87777590751648,OK,2025-12-09T19:59:16.463335
40_03_30,40,3,25200,36000,18000,68400,1800,259,45,1918.8336,516159,25.806265115737915,OK,2025-12-09T19:59:42.463044
40_04_05,40,4,25200,39600,18000,68400,300,259,11,991.7821999999996,153947,35.75189185142517,OK,2025-12-09T20:00:18.314646
40_04_10,40,4,25200,39600,18000,68400,600,259,16,1210.9306000000004,238058,25.87434697151184,OK,2025-12-09T20:00:44.313395
40_04_15,40,4,25200,39600,18000,68400,900,259,21,1373.3427999999997,314723,27.175620794296265,OK,2025-12-09T20:01:11.642404
40_04_20,40,4,25200,39600,18000,68400,1200,259,26,1386.2512999999997,380958,35.325319051742554,OK,2025-12-09T20:01:47.140006
40_04_25,40,4,25200,39600,18000,68400,1500,259,31,1628.8909000000006,457859,45.44559621810913,OK,2025-12-09T20:02:32.742462
40_04_30,40,4,25200,39600,18000,68400,1800,259,35,1808.110700000001,528352,27.15967106819153,OK,2025-12-09T20:03:00.052200
40_05_05,40,5,25200,43200,18000,68400,300,259,9,1006.8054000000003,155345,30.432475090026855,OK,2025-12-09T20:03:30.584589
40_05_10,40,5,25200,43200,18000,68400,600,259,13,1180.493400000001,235429,25.145483016967773,OK,2025-12-09T20:03:55.831672
40_05_15,40,5,25200,43200,18000,68400,900,259,17,1227.0760999999998,310932,25.301416873931885,OK,2025-12-09T20:04:21.251616
40_05_20,40,5,25200,43200,18000,68400,1200,259,21,1480.1709999999996,390338,25.49180507659912,OK,2025-12-09T20:04:46.847884
40_05_25,40,5,25200,43200,18000,68400,1500,259,25,1497.1372000000003,457308,25.402801036834717,OK,2025-12-09T20:05:12.387432
40_05_30,40,5,25200,43200,18000,68400,1800,259,29,1602.748599999999,527326,40.54038381576538,OK,2025-12-09T20:05:53.063527
40_06_05,40,6,25200,46800,18000,68400,300,259,8,1029.5186999999999,156788,25.460222005844116,OK,2025-12-09T20:06:18.596365
40_06_10,40,6,25200,46800,18000,68400,600,259,11,1015.0468999999999,229181,33.26801586151123,OK,2025-12-09T20:06:51.960636
40_06_15,40,6,25200,46800,18000,68400,900,259,14,1253.4890000000003,312783,25.774579763412476,OK,2025-12-09T20:07:17.829853
40_06_20,40,6,25200,46800,18000,68400,1200,259,18,1234.7790999999975,383340,30.29772400856018,OK,2025-12-09T20:07:48.241188
40_06_25,40,6,25200,46800,18000,68400,1500,259,21,1415.9136000000003,461234,26.1391921043396,OK,2025-12-09T20:08:14.501196
40_06_30,40,6,25200,46800,18000,68400,1800,259,24,1445.3098999999993,528692,36.536426067352295,OK,2025-12-09T20:08:51.169801
40_07_05,40,7,25200,50400,18000,68400,300,259,7,1033.5117999999995,156972,25.482491970062256,OK,2025-12-09T20:09:16.741803
40_07_10,40,7,25200,50400,18000,68400,600,259,10,1013.9081999999999,230782,25.19497323036194,OK,2025-12-09T20:09:42.025309
40_07_15,40,7,25200,50400,18000,68400,900,259,12,1099.4244999999999,306919,25.15458393096924,OK,2025-12-09T20:10:07.275620
40_07_20,40,7,25200,50400,18000,68400,1200,259,15,1257.9382999999996,386135,25.611573934555054,OK,2025-12-09T20:10:33.012650
40_07_25,40,7,25200,50400,18000,68400,1500,259,18,1361.035999999998,460529,25.373285055160522,OK,2025-12-09T20:10:58.487666
40_07_30,40,7,25200,50400,18000,68400,1800,259,21,1536.104099999999,537269,26.299397945404053,OK,2025-12-09T20:11:24.921275
40_08_05,40,8,25200,54000,18000,68400,300,259,6,1026.7123000000001,157025,26.02532386779785,OK,2025-12-09T20:11:51.031101
40_08_10,40,8,25200,54000,18000,68400,600,259,8,1074.8656000000005,234325,25.677046060562134,OK,2025-12-09T20:12:16.798071
40_08_15,40,8,25200,54000,18000,68400,900,259,11,1056.4877999999999,306469,28.51904320716858,OK,2025-12-09T20:12:45.417048
40_08_20,40,8,25200,54000,18000,68400,1200,259,13,1165.1948000000002,383198,26.417799949645996,OK,2025-12-09T20:13:11.946397
40_08_25,40,8,25200,54000,18000,68400,1500,259,16,1267.7503999999997,458027,25.583942890167236,OK,2025-12-09T20:13:37.642775
40_08_30,40,8,25200,54000,18000,68400,1800,259,19,1270.762299999999,526505,28.234960794448853,OK,2025-12-09T20:14:05.992709
40_09_05,40,9,25200,57600,18000,68400,300,259,6,1009.8308999999997,155630,25.381535291671753,OK,2025-12-09T20:14:31.452925
40_09_10,40,9,25200,57600,18000,68400,600,259,8,1079.5509999999997,234137,25.35086727142334,OK,2025-12-09T20:14:56.906673
40_09_15,40,9,25200,57600,18000,68400,900,259,10,1099.9469999999997,310030,26.0655300617218,OK,2025-12-09T20:15:23.074924
40_09_20,40,9,25200,57600,18000,68400,1200,259,12,1224.2348,387328,25.569158792495728,OK,2025-12-09T20:15:48.749741
40_09_25,40,9,25200,57600,18000,68400,1500,259,14,1174.9664,455489,25.471422910690308,OK,2025-12-09T20:16:14.317396
40_09_30,40,9,25200,57600,18000,68400,1800,259,17,1217.1326999999997,529578,25.491703033447266,OK,2025-12-09T20:16:39.919159
40_10_05,40,10,25200,61200,18000,68400,300,259,6,985.3494000000001,153600,25.52436399459839,OK,2025-12-09T20:17:05.548307
40_10_10,40,10,25200,61200,18000,68400,600,259,7,1038.1781999999998,232809,26.272307872772217,OK,2025-12-09T20:17:31.922211
40_10_15,40,10,25200,61200,18000,68400,900,259,9,1071.2960000000003,309472,73.07621574401855,OK,2025-12-09T20:18:45.080839
40_10_20,40,10,25200,61200,18000,68400,1200,259,11,1081.7252999999998,381376,35.33531880378723,OK,2025-12-09T20:19:20.576938
40_10_25,40,10,25200,61200,18000,68400,1500,259,13,1221.5535999999995,460332,26.844095945358276,OK,2025-12-09T20:19:47.517256
40_10_30,40,10,25200,61200,18000,68400,1800,259,15,1158.0008999999986,526941,26.23861289024353,OK,2025-12-09T20:20:13.895648
45_02_05,45,2,25200,32400,18000,68400,300,277,23,1545.423,188176,27.416106939315796,OK,2025-12-09T20:20:41.494412
45_02_10,45,2,25200,32400,18000,68400,600,277,33,1878.8370999999997,275836,28.712565183639526,OK,2025-12-09T20:21:10.402999
45_02_15,45,2,25200,32400,18000,68400,900,277,43,2195.8812999999977,358022,27.089224815368652,OK,2025-12-09T20:21:37.673806
45_02_20,45,2,25200,32400,18000,68400,1200,277,52,2469.624699999999,433628,72.14824485778809,OK,2025-12-09T20:22:50.042999
45_02_25,45,2,25200,32400,18000,68400,1500,277,61,2732.1081999999974,502397,86.84846210479736,OK,2025-12-09T20:24:17.125422
45_02_30,45,2,25200,32400,18000,68400,1800,277,71,2972.6323999999972,561234,106.83600497245789,OK,2025-12-09T20:26:04.252507
45_03_05,45,3,25200,36000,18000,68400,300,277,16,1371.1830999999997,183587,27.394171953201294,OK,2025-12-09T20:26:31.767101
45_03_10,45,3,25200,36000,18000,68400,600,277,23,1537.9795,265367,27.075567960739136,OK,2025-12-09T20:26:59.022080
45_03_15,45,3,25200,36000,18000,68400,900,277,30,1797.0760000000005,348061,30.429728984832764,OK,2025-12-09T20:27:29.594368
45_03_20,45,3,25200,36000,18000,68400,1200,277,36,2029.3642,428328,26.535294771194458,OK,2025-12-09T20:27:56.293414
45_03_25,45,3,25200,36000,18000,68400,1500,277,43,2274.7065999999995,500591,27.21523094177246,OK,2025-12-09T20:28:23.693510
45_03_30,45,3,25200,36000,18000,68400,1800,277,49,2363.1121000000007,570188,46.29505109786987,OK,2025-12-09T20:29:10.190779
45_04_05,45,4,25200,39600,18000,68400,300,277,12,1272.9631999999986,177484,25.925708770751953,OK,2025-12-09T20:29:36.218014
45_04_10,45,4,25200,39600,18000,68400,600,277,17,1431.9496,263681,27.175992012023926,OK,2025-12-09T20:30:03.545980
45_04_15,45,4,25200,39600,18000,68400,900,277,23,1571.8043000000007,344021,33.614468812942505,OK,2025-12-09T20:30:37.284135
45_04_20,45,4,25200,39600,18000,68400,1200,277,28,1706.2432999999992,418572,26.241159200668335,OK,2025-12-09T20:31:03.665240
45_04_25,45,4,25200,39600,18000,68400,1500,277,33,1995.2901,502337,26.894795179367065,OK,2025-12-09T20:31:30.733764
45_04_30,45,4,25200,39600,18000,68400,1800,277,38,2116.796,573977,26.320150136947632,OK,2025-12-09T20:31:57.228192
45_05_05,45,5,25200,43200,18000,68400,300,277,10,1320.6570999999992,181518,26.003084897994995,OK,2025-12-09T20:32:23.328002
45_05_10,45,5,25200,43200,18000,68400,600,277,14,1273.4651999999994,256764,25.843207120895386,OK,2025-12-09T20:32:49.276534
45_05_15,45,5,25200,43200,18000,68400,900,277,18,1478.9171,345371,26.353879928588867,OK,2025-12-09T20:33:15.777247
45_05_20,45,5,25200,43200,18000,68400,1200,277,23,1625.8199000000004,422555,26.65844988822937,OK,2025-12-09T20:33:42.588934
45_05_25,45,5,25200,43200,18000,68400,1500,277,27,1784.360499999999,502027,26.479501008987427,OK,2025-12-09T20:34:09.229637
45_05_30,45,5,25200,43200,18000,68400,1800,277,31,1796.1722999999997,567952,26.693079948425293,OK,2025-12-09T20:34:36.116105
45_06_05,45,6,25200,46800,18000,68400,300,277,8,1247.7417000000012,178929,28.044915914535522,OK,2025-12-09T20:35:04.281951
45_06_10,45,6,25200,46800,18000,68400,600,277,12,1396.4641999999994,262427,27.072248935699463,OK,2025-12-09T20:35:31.472011
45_06_15,45,6,25200,46800,18000,68400,900,277,16,1409.7969999999991,342493,26.996830940246582,OK,2025-12-09T20:35:58.601403
45_06_20,45,6,25200,46800,18000,68400,1200,277,19,1594.743,423427,26.58727216720581,OK,2025-12-09T20:36:25.336704
45_06_25,45,6,25200,46800,18000,68400,1500,277,23,1630.6755999999996,499309,26.3509681224823,OK,2025-12-09T20:36:51.840786
45_06_30,45,6,25200,46800,18000,68400,1800,277,26,1778.6286999999995,577842,25.74727988243103,OK,2025-12-09T20:37:17.727724
45_07_05,45,7,25200,50400,18000,68400,300,277,7,1214.8418999999994,176030,26.441935062408447,OK,2025-12-09T20:37:44.274065
45_07_10,45,7,25200,50400,18000,68400,600,277,10,1272.2927000000016,257569,32.2716429233551,OK,2025-12-09T20:38:16.667502
45_07_15,45,7,25200,50400,18000,68400,900,277,14,1370.8366999999994,339836,26.417306184768677,OK,2025-12-09T20:38:43.207656
45_07_20,45,7,25200,50400,18000,68400,1200,277,17,1488.8015999999989,422828,26.22079110145569,OK,2025-12-09T20:39:09.544310
45_07_25,45,7,25200,50400,18000,68400,1500,277,20,1540.8798999999985,500329,27.807804107666016,OK,2025-12-09T20:39:37.468344
45_07_30,45,7,25200,50400,18000,68400,1800,277,23,1606.391300000001,575421,28.134493827819824,OK,2025-12-09T20:40:05.746333
45_08_05,45,8,25200,54000,18000,68400,300,277,6,1241.5614999999993,177230,27.404615879058838,OK,2025-12-09T20:40:33.264754
45_08_10,45,8,25200,54000,18000,68400,600,277,9,1253.2846000000006,257590,26.176853895187378,OK,2025-12-09T20:40:59.541742
45_08_15,45,8,25200,54000,18000,68400,900,277,12,1292.4274999999986,337838,26.00239086151123,OK,2025-12-09T20:41:25.650601
45_08_20,45,8,25200,54000,18000,68400,1200,277,15,1388.9635999999987,419915,26.551440715789795,OK,2025-12-09T20:41:52.337634
45_08_25,45,8,25200,54000,18000,68400,1500,277,18,1501.3536000000008,501724,26.839396953582764,OK,2025-12-09T20:42:19.307630
45_08_30,45,8,25200,54000,18000,68400,1800,277,20,1534.4386999999983,576604,28.08253002166748,OK,2025-12-09T20:42:47.570025
45_09_05,45,9,25200,57600,18000,68400,300,277,6,1240.2260000000003,178816,26.662715911865234,OK,2025-12-09T20:43:14.397115
45_09_10,45,9,25200,57600,18000,68400,600,277,8,1257.473600000001,259427,26.382764101028442,OK,2025-12-09T20:43:40.868520
45_09_15,45,9,25200,57600,18000,68400,900,277,11,1170.4754000000005,333393,26.08804416656494,OK,2025-12-09T20:44:07.078092
45_09_20,45,9,25200,57600,18000,68400,1200,277,13,1327.8536999999997,417970,26.462658166885376,OK,2025-12-09T20:44:33.663461
45_09_25,45,9,25200,57600,18000,68400,1500,277,16,1447.4503,499554,26.202537059783936,OK,2025-12-09T20:45:00.001714
45_09_30,45,9,25200,57600,18000,68400,1800,277,18,1493.3308999999995,577327,30.71776294708252,OK,2025-12-09T20:45:30.840463
45_10_05,45,10,25200,61200,18000,68400,300,277,6,1170.2121000000009,174823,26.69104790687561,OK,2025-12-09T20:45:57.644835
45_10_10,45,10,25200,61200,18000,68400,600,277,8,1181.9779999999996,254663,26.22662591934204,OK,2025-12-09T20:46:23.990930
45_10_15,45,10,25200,61200,18000,68400,900,277,10,1319.242,340149,33.26645827293396,OK,2025-12-09T20:46:57.370126
45_10_20,45,10,25200,61200,18000,68400,1200,277,12,1314.1942000000001,419132,26.572382926940918,OK,2025-12-09T20:47:24.069915
45_10_25,45,10,25200,61200,18000,68400,1500,277,14,1395.4986000000001,498271,27.89499282836914,OK,2025-12-09T20:47:52.094758
45_10_30,45,10,25200,61200,18000,68400,1800,277,16,1357.0483999999988,573571,26.419372081756592,OK,2025-12-09T20:48:18.652355
50_02_05,50,2,25200,32400,18000,68400,300,322,26,1988.7546000000002,228910,27.78932476043701,OK,2025-12-09T20:48:46.619324
50_02_10,50,2,25200,32400,18000,68400,600,322,38,2379.5849,328776,28.533816814422607,OK,2025-12-09T20:49:15.377029
50_02_15,50,2,25200,32400,18000,68400,900,322,50,2882.920699999999,430323,82.60346603393555,OK,2025-12-09T20:50:38.229452
50_02_20,50,2,25200,32400,18000,68400,1200,322,61,3207.001599999996,514503,88.0032639503479,OK,2025-12-09T20:52:06.509872
50_02_25,50,2,25200,32400,18000,68400,1500,322,70,3514.4730999999965,598635,108.35680317878723,OK,2025-12-09T20:53:55.169229
50_02_30,50,2,25200,32400,18000,68400,1800,322,82,3968.279399999997,676499,129.74748015403748,OK,2025-12-09T20:56:05.308838
50_03_05,50,3,25200,36000,18000,68400,300,322,18,1754.053399999999,220133,28.087939739227295,OK,2025-12-09T20:56:33.561537
50_03_10,50,3,25200,36000,18000,68400,600,322,26,2062.4749999999995,318180,27.451765060424805,OK,2025-12-09T20:57:01.189126
50_03_15,50,3,25200,36000,18000,68400,900,322,34,2280.8567999999996,416222,28.947470903396606,OK,2025-12-09T20:57:30.327312
50_03_20,50,3,25200,36000,18000,68400,1200,322,42,2471.646899999997,501840,27.833362340927124,OK,2025-12-09T20:57:58.383202
50_03_25,50,3,25200,36000,18000,68400,1500,322,50,2827.5664999999976,593852,48.08277916908264,OK,2025-12-09T20:58:46.710756
50_03_30,50,3,25200,36000,18000,68400,1800,322,57,3014.2410999999997,672001,68.21932172775269,OK,2025-12-09T20:59:55.196683
50_04_05,50,4,25200,39600,18000,68400,300,322,14,1636.183299999999,217070,27.7744779586792,OK,2025-12-09T21:00:23.127641
50_04_10,50,4,25200,39600,18000,68400,600,322,20,1766.1594999999998,309629,27.846046924591064,OK,2025-12-09T21:00:51.125246
50_04_15,50,4,25200,39600,18000,68400,900,322,27,2024.8665,409753,28.775928258895874,OK,2025-12-09T21:01:20.072255
50_04_20,50,4,25200,39600,18000,68400,1200,322,33,2218.3620000000005,499921,28.285910844802856,OK,2025-12-09T21:01:48.554877
50_04_25,50,4,25200,39600,18000,68400,1500,322,38,2511.527199999998,594972,27.89324712753296,OK,2025-12-09T21:02:16.659887
50_04_30,50,4,25200,39600,18000,68400,1800,322,45,2654.527999999997,674102,31.107025861740112,OK,2025-12-09T21:02:48.005764
50_05_05,50,5,25200,43200,18000,68400,300,322,12,1645.0545999999988,217176,27.8387610912323,OK,2025-12-09T21:03:15.979617
50_05_10,50,5,25200,43200,18000,68400,600,322,17,1672.7927000000009,308338,27.862746000289917,OK,2025-12-09T21:03:43.999395
50_05_15,50,5,25200,43200,18000,68400,900,322,22,1884.6356999999996,407770,27.44356107711792,OK,2025-12-09T21:04:11.613529
50_05_20,50,5,25200,43200,18000,68400,1200,322,26,2078.765499999999,502232,27.666259765625,OK,2025-12-09T21:04:39.461268
50_05_25,50,5,25200,43200,18000,68400,1500,322,31,2156.1140999999984,587426,27.743897676467896,OK,2025-12-09T21:05:07.397646
50_05_30,50,5,25200,43200,18000,68400,1800,322,36,2373.087699999998,676040,28.0569748878479,OK,2025-12-09T21:05:35.658580
50_06_05,50,6,25200,46800,18000,68400,300,322,10,1499.3641999999984,209398,28.268102169036865,OK,2025-12-09T21:06:04.085021
50_06_10,50,6,25200,46800,18000,68400,600,322,14,1523.5495999999991,303021,37.399068117141724,OK,2025-12-09T21:06:41.615188
50_06_15,50,6,25200,46800,18000,68400,900,322,18,1762.1356000000005,405728,27.555098056793213,OK,2025-12-09T21:07:09.319853
50_06_20,50,6,25200,46800,18000,68400,1200,322,22,1940.2380999999991,500229,27.889987230300903,OK,2025-12-09T21:07:37.382871
50_06_25,50,6,25200,46800,18000,68400,1500,322,26,2018.7054999999998,588092,27.473620414733887,OK,2025-12-09T21:08:05.056436
50_06_30,50,6,25200,46800,18000,68400,1800,322,31,2156.690699999999,674729,27.585886001586914,OK,2025-12-09T21:08:32.842299
50_07_05,50,7,25200,50400,18000,68400,300,322,9,1409.7603999999994,204957,27.38806700706482,OK,2025-12-09T21:09:00.357193
50_07_10,50,7,25200,50400,18000,68400,600,322,12,1560.7882,304141,29.069576025009155,OK,2025-12-09T21:09:29.554283
50_07_15,50,7,25200,50400,18000,68400,900,322,16,1697.9955999999995,400615,27.82355284690857,OK,2025-12-09T21:09:57.516511
50_07_20,50,7,25200,50400,18000,68400,1200,322,20,1775.7348999999997,495717,27.528185844421387,OK,2025-12-09T21:10:25.213320
50_07_25,50,7,25200,50400,18000,68400,1500,322,23,2043.7688999999996,594023,27.754587173461914,OK,2025-12-09T21:10:53.147265
50_07_30,50,7,25200,50400,18000,68400,1800,322,26,2136.906599999999,681569,27.117387056350708,OK,2025-12-09T21:11:20.455829
50_08_05,50,8,25200,54000,18000,68400,300,322,8,1352.4464,202706,27.40792489051819,OK,2025-12-09T21:11:47.981029
50_08_10,50,8,25200,54000,18000,68400,600,322,11,1520.5142999999994,304036,27.5122230052948,OK,2025-12-09T21:12:15.631252
50_08_15,50,8,25200,54000,18000,68400,900,322,14,1613.0441999999987,398360,27.733196020126343,OK,2025-12-09T21:12:43.496572
50_08_20,50,8,25200,54000,18000,68400,1200,322,17,1753.000599999999,495296,27.695769786834717,OK,2025-12-09T21:13:11.350028
50_08_25,50,8,25200,54000,18000,68400,1500,322,21,1950.9816999999996,591915,64.00837278366089,OK,2025-12-09T21:14:15.522830
50_08_30,50,8,25200,54000,18000,68400,1800,322,23,1998.3174,681147,27.79674506187439,OK,2025-12-09T21:14:43.494415
50_09_05,50,9,25200,57600,18000,68400,300,322,7,1469.523,209578,27.590659856796265,OK,2025-12-09T21:15:11.196150
50_09_10,50,9,25200,57600,18000,68400,600,322,10,1631.0525999999998,312442,27.292819023132324,OK,2025-12-09T21:15:38.614816
50_09_15,50,9,25200,57600,18000,68400,900,322,13,1589.3910999999998,398982,28.263545751571655,OK,2025-12-09T21:16:07.005913
50_09_20,50,9,25200,57600,18000,68400,1200,322,15,1751.0183000000006,497810,35.91757798194885,OK,2025-12-09T21:16:43.071951
50_09_25,50,9,25200,57600,18000,68400,1500,322,18,1777.9031999999988,589139,36.552446126937866,OK,2025-12-09T21:17:19.777429
50_09_30,50,9,25200,57600,18000,68400,1800,322,21,1888.5176999999999,678994,27.9353928565979,OK,2025-12-09T21:17:47.875920
50_10_05,50,10,25200,61200,18000,68400,300,322,7,1338.1858000000007,202249,27.592395067214966,OK,2025-12-09T21:18:15.577044
50_10_10,50,10,25200,61200,18000,68400,600,322,9,1394.6027999999985,299958,27.380433797836304,OK,2025-12-09T21:18:43.077818
50_10_15,50,10,25200,61200,18000,68400,900,322,11,1576.1233000000002,400371,33.17129898071289,OK,2025-12-09T21:19:16.384617
50_10_20,50,10,25200,61200,18000,68400,1200,322,14,1566.5910999999994,490020,27.841086864471436,OK,2025-12-09T21:19:44.352993
50_10_25,50,10,25200,61200,18000,68400,1500,322,16,1674.8939999999993,585747,30.41667890548706,OK,2025-12-09T21:20:14.914379
50_10_30,50,10,25200,61200,18000,68400,1800,322,19,1744.8649,676735,28.82365894317627,OK,2025-12-09T21:20:43.900604
55_02_05,55,2,25200,32400,18000,68400,300,379,32,2642.5221999999976,285474,45.15304088592529,OK,2025-12-09T21:21:29.279051
55_02_10,55,2,25200,32400,18000,68400,600,379,46,3191.0660999999996,408918,34.33270812034607,OK,2025-12-09T21:22:03.884654
55_02_15,55,2,25200,32400,18000,68400,900,379,59,3739.5968999999977,526102,90.47640705108643,OK,2025-12-09T21:23:34.674417
55_02_20,55,2,25200,32400,18000,68400,1200,379,72,4143.6406000000015,630173,113.8726532459259,OK,2025-12-09T21:25:28.912581
55_02_25,55,2,25200,32400,18000,68400,1500,379,84,4713.535600000003,731687,132.7800271511078,OK,2025-12-09T21:27:42.091277
55_02_30,55,2,25200,32400,18000,68400,1800,379,98,5499.024600000003,835670,153.34325098991394,OK,2025-12-09T21:30:15.894342
55_03_05,55,3,25200,36000,18000,68400,300,379,22,2310.083599999999,271430,29.961256980895996,OK,2025-12-09T21:30:46.051209
55_03_10,55,3,25200,36000,18000,68400,600,379,32,2810.503899999998,397500,39.42442584037781,OK,2025-12-09T21:31:25.690222
55_03_15,55,3,25200,36000,18000,68400,900,379,41,2927.1483999999996,501330,29.929999113082886,OK,2025-12-09T21:31:55.864339
55_03_20,55,3,25200,36000,18000,68400,1200,379,50,3357.3427999999944,616002,50.084474325180054,OK,2025-12-09T21:32:46.225507
55_03_25,55,3,25200,36000,18000,68400,1500,379,60,3744.4538999999977,717840,69.59592032432556,OK,2025-12-09T21:33:56.138419
55_03_30,55,3,25200,36000,18000,68400,1800,379,69,4151.8879,823021,93.59277105331421,OK,2025-12-09T21:35:30.080756
55_04_05,55,4,25200,39600,18000,68400,300,379,17,2011.7143999999978,260384,29.519058227539062,OK,2025-12-09T21:35:59.774036
55_04_10,55,4,25200,39600,18000,68400,600,379,24,2312.0079999999984,378638,30.965497970581055,OK,2025-12-09T21:36:30.935935
55_04_15,55,4,25200,39600,18000,68400,900,379,32,2624.9651999999987,493320,29.46603512763977,OK,2025-12-09T21:37:00.631783
55_04_20,55,4,25200,39600,18000,68400,1200,379,39,2912.923100000001,607176,29.451941967010498,OK,2025-12-09T21:37:30.329389
55_04_25,55,4,25200,39600,18000,68400,1500,379,45,3068.359699999999,707128,30.001580953598022,OK,2025-12-09T21:38:00.599372
55_04_30,55,4,25200,39600,18000,68400,1800,379,52,3562.7571999999973,819973,69.92659091949463,OK,2025-12-09T21:39:10.833364
55_05_05,55,5,25200,43200,18000,68400,300,379,14,1937.3494999999994,256262,30.06619691848755,OK,2025-12-09T21:39:41.057091
55_05_10,55,5,25200,43200,18000,68400,600,379,20,2318.3348,382480,30.928447008132935,OK,2025-12-09T21:40:12.169239
55_05_15,55,5,25200,43200,18000,68400,900,379,26,2443.029500000001,491277,30.52659583091736,OK,2025-12-09T21:40:42.907815
55_05_20,55,5,25200,43200,18000,68400,1200,379,32,2775.8494999999984,601813,41.30599594116211,OK,2025-12-09T21:41:24.458455
55_05_25,55,5,25200,43200,18000,68400,1500,379,37,2999.015700000001,714085,30.514178037643433,OK,2025-12-09T21:41:55.204693
55_05_30,55,5,25200,43200,18000,68400,1800,379,43,3044.504699999998,808669,30.183434009552002,OK,2025-12-09T21:42:25.639095
55_06_05,55,6,25200,46800,18000,68400,300,379,12,1863.5944999999995,255417,29.196505784988403,OK,2025-12-09T21:42:54.986819
55_06_10,55,6,25200,46800,18000,68400,600,379,16,2009.5047999999986,370120,29.0207097530365,OK,2025-12-09T21:43:24.170302
55_06_15,55,6,25200,46800,18000,68400,900,379,22,2285.4859999999953,488712,29.694496870040894,OK,2025-12-09T21:43:54.042157
55_06_20,55,6,25200,46800,18000,68400,1200,379,26,2455.443099999998,597269,30.162201166152954,OK,2025-12-09T21:44:24.399011
55_06_25,55,6,25200,46800,18000,68400,1500,379,31,2672.4829999999997,705711,39.712608098983765,OK,2025-12-09T21:45:04.336316
55_06_30,55,6,25200,46800,18000,68400,1800,379,37,2820.6797000000015,809124,29.91414499282837,OK,2025-12-09T21:45:34.485860
55_07_05,55,7,25200,50400,18000,68400,300,379,10,1748.417199999999,249638,38.36510181427002,OK,2025-12-09T21:46:12.988092
55_07_10,55,7,25200,50400,18000,68400,600,379,14,2013.1908999999994,371880,29.443257093429565,OK,2025-12-09T21:46:42.581707
55_07_15,55,7,25200,50400,18000,68400,900,379,19,2055.829099999998,479623,29.80104088783264,OK,2025-12-09T21:47:12.549232
55_07_20,55,7,25200,50400,18000,68400,1200,379,23,2307.6059,595731,30.309978246688843,OK,2025-12-09T21:47:43.047815
55_07_25,55,7,25200,50400,18000,68400,1500,379,27,2548.930999999999,708095,30.211825847625732,OK,2025-12-09T21:48:13.465769
55_07_30,55,7,25200,50400,18000,68400,1800,379,31,2820.0000999999997,818748,29.815949201583862,OK,2025-12-09T21:48:43.514783
55_08_05,55,8,25200,54000,18000,68400,300,379,9,1733.2656,249198,29.731152296066284,OK,2025-12-09T21:49:13.377858
55_08_10,55,8,25200,54000,18000,68400,600,379,13,1831.5036999999984,363103,30.17109775543213,OK,2025-12-09T21:49:43.699570
55_08_15,55,8,25200,54000,18000,68400,900,379,17,2168.1040999999987,483483,29.506394863128662,OK,2025-12-09T21:50:13.371399
55_08_20,55,8,25200,54000,18000,68400,1200,379,20,2251.619599999999,596063,29.950567960739136,OK,2025-12-09T21:50:43.493116
55_08_25,55,8,25200,54000,18000,68400,1500,379,24,2394.140600000001,705673,29.07683300971985,OK,2025-12-09T21:51:12.757225
55_08_30,55,8,25200,54000,18000,68400,1800,379,28,2423.9198,804778,29.2515549659729,OK,2025-12-09T21:51:42.209498
55_09_05,55,9,25200,57600,18000,68400,300,379,8,1716.0851000000002,249578,29.36204695701599,OK,2025-12-09T21:52:11.701086
55_09_10,55,9,25200,57600,18000,68400,600,379,12,1919.356699999998,366475,33.32659602165222,OK,2025-12-09T21:52:45.176035
55_09_15,55,9,25200,57600,18000,68400,900,379,15,2021.2685999999992,479870,29.468246936798096,OK,2025-12-09T21:53:14.803150
55_09_20,55,9,25200,57600,18000,68400,1200,379,18,2261.5738999999994,596607,28.85902500152588,OK,2025-12-09T21:53:43.827992
55_09_25,55,9,25200,57600,18000,68400,1500,379,22,2357.3938999999996,705328,29.549718856811523,OK,2025-12-09T21:54:13.568850
55_09_30,55,9,25200,57600,18000,68400,1800,379,25,2296.490399999999,806617,31.616466999053955,OK,2025-12-09T21:54:45.376529
55_10_05,55,10,25200,61200,18000,68400,300,379,8,1677.9316999999994,246113,33.62047100067139,OK,2025-12-09T21:55:19.163875
55_10_10,55,10,25200,61200,18000,68400,600,379,10,1766.5251999999998,362503,29.988672018051147,OK,2025-12-09T21:55:49.297837
55_10_15,55,10,25200,61200,18000,68400,900,379,13,1928.8661999999997,476074,29.472055912017822,OK,2025-12-09T21:56:18.918145
55_10_20,55,10,25200,61200,18000,68400,1200,379,17,2180.3900999999983,593025,29.772244930267334,OK,2025-12-09T21:56:48.851511
55_10_25,55,10,25200,61200,18000,68400,1500,379,20,2199.963000000001,701561,29.277498722076416,OK,2025-12-09T21:57:18.295688
55_10_30,55,10,25200,61200,18000,68400,1800,379,22,2446.280899999999,819432,29.30690288543701,OK,2025-12-09T21:57:47.795585
60_02_05,60,2,25200,32400,18000,68400,300,437,36,3113.7425999999978,327980,31.79430913925171,OK,2025-12-09T21:58:19.845668
60_02_10,60,2,25200,32400,18000,68400,600,437,53,3873.7053000000014,479906,71.84004497528076,OK,2025-12-09T21:59:32.012364
60_02_15,60,2,25200,32400,18000,68400,900,437,68,4473.147700000001,610086,91.82079815864563,OK,2025-12-09T22:01:04.202010
60_02_20,60,2,25200,32400,18000,68400,1200,437,81,5098.5176000000065,738609,132.83990597724915,OK,2025-12-09T22:03:17.491029
60_02_25,60,2,25200,32400,18000,68400,1500,437,96,5756.054000000002,860872,155.24991989135742,OK,2025-12-09T22:05:53.253580
60_02_30,60,2,25200,32400,18000,68400,1800,437,113,6623.343200000007,975920,193.3329999446869,OK,2025-12-09T22:09:07.175304
60_03_05,60,3,25200,36000,18000,68400,300,437,25,2499.920399999999,305152,32.67089605331421,OK,2025-12-09T22:09:40.073211
60_03_10,60,3,25200,36000,18000,68400,600,437,36,3105.103600000001,452774,44.19305896759033,OK,2025-12-09T22:10:24.523087
60_03_15,60,3,25200,36000,18000,68400,900,437,47,3602.7568,585841,31.82002091407776,OK,2025-12-09T22:10:56.644699
60_03_20,60,3,25200,36000,18000,68400,1200,437,57,4121.740099999995,718831,74.1328010559082,OK,2025-12-09T22:12:11.116461
60_03_25,60,3,25200,36000,18000,68400,1500,437,68,4424.817599999999,833822,92.55959224700928,OK,2025-12-09T22:13:44.079965
60_03_30,60,3,25200,36000,18000,68400,1800,437,77,4906.787200000007,954216,117.02546095848083,OK,2025-12-09T22:15:41.553738
60_04_05,60,4,25200,39600,18000,68400,300,437,19,2362.616199999997,298873,32.18166899681091,OK,2025-12-09T22:16:13.936815
60_04_10,60,4,25200,39600,18000,68400,600,437,28,2698.014800000001,433670,31.14176321029663,OK,2025-12-09T22:16:45.312270
60_04_15,60,4,25200,39600,18000,68400,900,437,37,3183.8326999999986,576797,32.1484580039978,OK,2025-12-09T22:17:17.723611
60_04_20,60,4,25200,39600,18000,68400,1200,437,44,3385.0665999999974,698533,32.67412185668945,OK,2025-12-09T22:17:50.687687
60_04_25,60,4,25200,39600,18000,68400,1500,437,52,3704.459699999998,821597,71.53675818443298,OK,2025-12-09T22:19:02.547279
60_04_30,60,4,25200,39600,18000,68400,1800,437,60,4272.006299999997,948622,92.92873096466064,OK,2025-12-09T22:20:35.828106
60_05_05,60,5,25200,43200,18000,68400,300,437,16,2189.6099999999983,292379,32.481070041656494,OK,2025-12-09T22:21:08.508742
60_05_10,60,5,25200,43200,18000,68400,600,437,22,2541.466399999997,431012,32.92711400985718,OK,2025-12-09T22:21:41.639860
60_05_15,60,5,25200,43200,18000,68400,900,437,30,2765.8369999999964,561442,32.45218896865845,OK,2025-12-09T22:22:14.319155
60_05_20,60,5,25200,43200,18000,68400,1200,437,36,3010.4972000000002,688826,32.485527753829956,OK,2025-12-09T22:22:47.050859
60_05_25,60,5,25200,43200,18000,68400,1500,437,43,3480.3325000000004,823105,32.12108540534973,OK,2025-12-09T22:23:19.459826
60_05_30,60,5,25200,43200,18000,68400,1800,437,49,3782.5937,945148,32.41204285621643,OK,2025-12-09T22:23:52.192143
60_06_05,60,6,25200,46800,18000,68400,300,437,14,2230.8053999999993,293464,32.77032923698425,OK,2025-12-09T22:24:25.153281
60_06_10,60,6,25200,46800,18000,68400,600,437,19,2420.5040000000013,427302,31.513629913330078,OK,2025-12-09T22:24:56.870727
60_06_15,60,6,25200,46800,18000,68400,900,437,25,2670.2497000000017,561402,34.90507698059082,OK,2025-12-09T22:25:31.986197
60_06_20,60,6,25200,46800,18000,68400,1200,437,30,2872.218499999997,688697,31.500354051589966,OK,2025-12-09T22:26:03.722001
60_06_25,60,6,25200,46800,18000,68400,1500,437,36,3355.4599000000003,824693,41.367159843444824,OK,2025-12-09T22:26:45.341427
60_06_30,60,6,25200,46800,18000,68400,1800,437,41,3320.0734999999986,936061,32.071120738983154,OK,2025-12-09T22:27:17.688963
60_07_05,60,7,25200,50400,18000,68400,300,437,11,1999.0899999999997,284490,31.48378014564514,OK,2025-12-09T22:27:49.328446
60_07_10,60,7,25200,50400,18000,68400,600,437,17,2347.7655999999997,425550,31.078307151794434,OK,2025-12-09T22:28:20.610940
60_07_15,60,7,25200,50400,18000,68400,900,437,22,2693.2229999999986,565188,31.427823066711426,OK,2025-12-09T22:28:52.242925
60_07_20,60,7,25200,50400,18000,68400,1200,437,26,2791.0969999999993,687999,34.196209192276,OK,2025-12-09T22:29:26.663032
60_07_25,60,7,25200,50400,18000,68400,1500,437,31,3086.1521,821195,32.45684218406677,OK,2025-12-09T22:29:59.358764
60_07_30,60,7,25200,50400,18000,68400,1800,437,36,2982.3522999999996,927754,32.917155027389526,OK,2025-12-09T22:30:32.538031
60_08_05,60,8,25200,54000,18000,68400,300,437,10,2029.5514,286208,31.138510942459106,OK,2025-12-09T22:31:03.833372
60_08_10,60,8,25200,54000,18000,68400,600,437,15,2167.9959999999987,417373,32.97011184692383,OK,2025-12-09T22:31:36.980947
60_08_15,60,8,25200,54000,18000,68400,900,437,19,2231.109899999998,545753,32.08347797393799,OK,2025-12-09T22:32:09.269516
60_08_20,60,8,25200,54000,18000,68400,1200,437,23,2562.660199999999,683765,31.887683153152466,OK,2025-12-09T22:32:41.373686
60_08_25,60,8,25200,54000,18000,68400,1500,437,27,2889.4497999999994,817433,31.690973043441772,OK,2025-12-09T22:33:13.298937
60_08_30,60,8,25200,54000,18000,68400,1800,437,32,2954.8114000000005,935323,32.27169704437256,OK,2025-12-09T22:33:45.805723
60_09_05,60,9,25200,57600,18000,68400,300,437,10,1984.5515999999989,285467,32.40742325782776,OK,2025-12-09T22:34:18.369115
60_09_10,60,9,25200,57600,18000,68400,600,437,13,2123.341199999999,416983,31.24871301651001,OK,2025-12-09T22:34:49.794745
60_09_15,60,9,25200,57600,18000,68400,900,437,17,2240.3891000000003,547664,31.73026418685913,OK,2025-12-09T22:35:21.728122
60_09_20,60,9,25200,57600,18000,68400,1200,437,21,2558.461299999999,686487,31.60801410675049,OK,2025-12-09T22:35:53.550138
60_09_25,60,9,25200,57600,18000,68400,1500,437,25,2673.5051999999987,810035,31.70903182029724,OK,2025-12-09T22:36:25.493952
60_09_30,60,9,25200,57600,18000,68400,1800,437,28,2819.2010000000005,934534,31.730504035949707,OK,2025-12-09T22:36:57.442954
60_10_05,60,10,25200,61200,18000,68400,300,437,9,1894.8879999999997,279522,31.624484062194824,OK,2025-12-09T22:37:29.213327
60_10_10,60,10,25200,61200,18000,68400,600,437,12,2127.3029999999994,418674,31.352107048034668,OK,2025-12-09T22:38:00.728625
60_10_15,60,10,25200,61200,18000,68400,900,437,15,2183.5553999999984,545815,31.398966073989868,OK,2025-12-09T22:38:32.304544
60_10_20,60,10,25200,61200,18000,68400,1200,437,19,2383.4648999999986,677823,32.33921408653259,OK,2025-12-09T22:39:04.838176
60_10_25,60,10,25200,61200,18000,68400,1500,437,22,2599.7589000000003,810588,33.31426787376404,OK,2025-12-09T22:39:38.379506
60_10_30,60,10,25200,61200,18000,68400,1800,437,26,2833.6390999999994,939444,31.407968997955322,OK,2025-12-09T22:40:10.003669
65_02_05,65,2,25200,32400,18000,68400,300,490,40,3683.5388999999996,377341,37.85283613204956,OK,2025-12-09T22:40:48.153246
65_02_10,65,2,25200,32400,18000,68400,600,490,59,4661.407700000011,552500,74.37985706329346,OK,2025-12-09T22:42:02.914556
65_02_15,65,2,25200,32400,18000,68400,900,490,76,5283.837200000009,698440,115.36056303977966,OK,2025-12-09T22:43:58.728694
65_02_20,65,2,25200,32400,18000,68400,1200,490,92,6209.427599999999,849806,155.1788990497589,OK,2025-12-09T22:46:34.440036
65_02_25,65,2,25200,32400,18000,68400,1500,490,108,7104.2315,992288,174.75214886665344,OK,2025-12-09T22:49:29.789101
65_02_30,65,2,25200,32400,18000,68400,1800,490,125,7885.893400000007,1114311,215.58611702919006,OK,2025-12-09T22:53:06.063225
65_03_05,65,3,25200,36000,18000,68400,300,490,29,3213.295000000001,362881,34.8218731880188,OK,2025-12-09T22:53:41.150827
65_03_10,65,3,25200,36000,18000,68400,600,490,41,3759.7693999999983,516729,34.03050398826599,OK,2025-12-09T22:54:15.481954
65_03_15,65,3,25200,36000,18000,68400,900,490,53,4463.411199999999,679192,75.25308609008789,OK,2025-12-09T22:55:31.105563
65_03_20,65,3,25200,36000,18000,68400,1200,490,64,4982.513400000004,822391,94.59253025054932,OK,2025-12-09T22:57:06.106004
65_03_25,65,3,25200,36000,18000,68400,1500,490,76,5532.081000000003,957699,117.00469088554382,OK,2025-12-09T22:59:03.578911
65_03_30,65,3,25200,36000,18000,68400,1800,490,88,6042.90970000001,1089160,134.94275403022766,OK,2025-12-09T23:01:19.032952
65_04_05,65,4,25200,39600,18000,68400,300,490,22,2851.6590999999994,345938,33.858028173446655,OK,2025-12-09T23:01:53.134400
65_04_10,65,4,25200,39600,18000,68400,600,490,31,3263.1750000000034,500121,34.78304696083069,OK,2025-12-09T23:02:28.187656
65_04_15,65,4,25200,39600,18000,68400,900,490,40,3672.305300000001,648958,34.600250005722046,OK,2025-12-09T23:03:03.079042
65_04_20,65,4,25200,39600,18000,68400,1200,490,50,4174.0927999999985,798894,54.60963487625122,OK,2025-12-09T23:03:58.035981
65_04_25,65,4,25200,39600,18000,68400,1500,490,59,4640.805900000002,939277,75.11268973350525,OK,2025-12-09T23:05:13.544563
65_04_30,65,4,25200,39600,18000,68400,1800,490,68,5135.133300000001,1078363,97.2833800315857,OK,2025-12-09T23:06:51.265520
65_05_05,65,5,25200,43200,18000,68400,300,490,18,2681.7036999999973,339996,48.54534411430359,OK,2025-12-09T23:07:40.041098
65_05_10,65,5,25200,43200,18000,68400,600,490,26,3151.9112000000014,498941,33.779393911361694,OK,2025-12-09T23:08:14.090557
65_05_15,65,5,25200,43200,18000,68400,900,490,33,3254.276699999999,636288,34.916321992874146,OK,2025-12-09T23:08:49.278963
65_05_20,65,5,25200,43200,18000,68400,1200,490,40,3757.5676000000003,790795,33.91901612281799,OK,2025-12-09T23:09:23.502371
65_05_25,65,5,25200,43200,18000,68400,1500,490,48,4135.879799999998,933758,34.2712721824646,OK,2025-12-09T23:09:58.095229
65_05_30,65,5,25200,43200,18000,68400,1800,490,55,4462.630000000008,1067441,74.41430711746216,OK,2025-12-09T23:11:12.879212
65_06_05,65,6,25200,46800,18000,68400,300,490,15,2509.964799999998,329666,34.11853075027466,OK,2025-12-09T23:11:47.212386
65_06_10,65,6,25200,46800,18000,68400,600,490,22,2910.243,488302,33.43764114379883,OK,2025-12-09T23:12:20.892220
65_06_15,65,6,25200,46800,18000,68400,900,490,28,3336.729500000001,644846,33.69492793083191,OK,2025-12-09T23:12:54.853276
65_06_20,65,6,25200,46800,18000,68400,1200,490,34,3554.4289999999987,787772,38.25193405151367,OK,2025-12-09T23:13:33.391028
65_06_25,65,6,25200,46800,18000,68400,1500,490,41,3836.997,926399,33.705572843551636,OK,2025-12-09T23:14:07.394850
65_06_30,65,6,25200,46800,18000,68400,1800,490,47,4036.6985999999993,1063742,35.379247188568115,OK,2025-12-09T23:14:43.099804
65_07_05,65,7,25200,50400,18000,68400,300,490,13,2410.0380999999984,325978,33.37574505805969,OK,2025-12-09T23:15:16.673700
65_07_10,65,7,25200,50400,18000,68400,600,490,19,2768.8299999999986,483671,33.628787994384766,OK,2025-12-09T23:15:50.547485
65_07_15,65,7,25200,50400,18000,68400,900,490,24,3068.977600000001,635230,36.50549077987671,OK,2025-12-09T23:16:27.281238
65_07_20,65,7,25200,50400,18000,68400,1200,490,30,3446.870300000001,786015,34.42062520980835,OK,2025-12-09T23:17:01.969544
65_07_25,65,7,25200,50400,18000,68400,1500,490,35,3494.4288000000015,919605,34.279844760894775,OK,2025-12-09T23:17:36.527909
65_07_30,65,7,25200,50400,18000,68400,1800,490,40,3920.825899999996,1067881,38.19057512283325,OK,2025-12-09T23:18:15.002535
65_08_05,65,8,25200,54000,18000,68400,300,490,12,2392.703400000001,324925,33.71465992927551,OK,2025-12-09T23:18:48.908182
65_08_10,65,8,25200,54000,18000,68400,600,490,16,2639.5317,479367,33.51267409324646,OK,2025-12-09T23:19:22.624797
65_08_15,65,8,25200,54000,18000,68400,900,490,21,2796.0921000000008,626228,34.578092098236084,OK,2025-12-09T23:19:57.424784
65_08_20,65,8,25200,54000,18000,68400,1200,490,26,3260.446,783986,51.066831827163696,OK,2025-12-09T23:20:48.752726
65_08_25,65,8,25200,54000,18000,68400,1500,490,31,3384.753500000002,916987,33.67642307281494,OK,2025-12-09T23:21:22.684966
65_08_30,65,8,25200,54000,18000,68400,1800,490,36,3518.0719999999997,1054105,35.44986891746521,OK,2025-12-09T23:21:58.421132
65_09_05,65,9,25200,57600,18000,68400,300,490,11,2282.2518,321995,50.82466673851013,OK,2025-12-09T23:22:49.420596
65_09_10,65,9,25200,57600,18000,68400,600,490,15,2591.5165000000015,476434,33.82036089897156,OK,2025-12-09T23:23:23.438036
65_09_15,65,9,25200,57600,18000,68400,900,490,19,2964.1934000000006,637810,33.59970831871033,OK,2025-12-09T23:23:57.268083
65_09_20,65,9,25200,57600,18000,68400,1200,490,23,3140.1308000000013,779872,34.754502058029175,OK,2025-12-09T23:24:32.262024
65_09_25,65,9,25200,57600,18000,68400,1500,490,28,3369.514100000002,925111,34.689340353012085,OK,2025-12-09T23:25:07.208172
65_09_30,65,9,25200,57600,18000,68400,1800,490,32,3408.154699999999,1057885,34.504292011260986,OK,2025-12-09T23:25:41.980468
65_10_05,65,10,25200,61200,18000,68400,300,490,10,2440.1057,328430,32.7671217918396,OK,2025-12-09T23:26:14.921325
65_10_10,65,10,25200,61200,18000,68400,600,490,13,2591.2572999999993,476903,35.40615797042847,OK,2025-12-09T23:26:50.556719
65_10_15,65,10,25200,61200,18000,68400,900,490,17,2867.0240000000017,630647,33.659083127975464,OK,2025-12-09T23:27:24.461250
65_10_20,65,10,25200,61200,18000,68400,1200,490,21,2985.554100000001,775587,34.51812696456909,OK,2025-12-09T23:27:59.202715
65_10_25,65,10,25200,61200,18000,68400,1500,490,25,3431.715299999997,931001,34.69113206863403,OK,2025-12-09T23:28:34.141369
65_10_30,65,10,25200,61200,18000,68400,1800,490,29,3257.451800000001,1054317,34.17086720466614,OK,2025-12-09T23:29:08.568328
70_02_05,70,2,25200,32400,18000,68400,300,598,49,4820.5450999999985,469204,58.10582113265991,OK,2025-12-09T23:30:07.053265
70_02_10,70,2,25200,32400,18000,68400,600,598,70,5837.558599999996,672594,119.3597502708435,OK,2025-12-09T23:32:06.908635
70_02_15,70,2,25200,32400,18000,68400,900,598,92,7002.7135000000035,870354,159.630934715271,OK,2025-12-09T23:34:47.130018
70_02_20,70,2,25200,32400,18000,68400,1200,598,112,8118.506500000002,1055153,199.98503613471985,OK,2025-12-09T23:38:07.812416
70_02_25,70,2,25200,32400,18000,68400,1500,598,131,9297.664600000007,1232747,240.6699800491333,OK,2025-12-09T23:42:09.299891
70_02_30,70,2,25200,32400,18000,68400,1800,598,152,10502.883600000005,1395801,279.9997260570526,OK,2025-12-09T23:46:50.144719
70_03_05,70,3,25200,36000,18000,68400,300,598,34,3828.2093999999997,427251,37.90786576271057,OK,2025-12-09T23:47:28.375519
70_03_10,70,3,25200,36000,18000,68400,600,598,49,4710.216199999999,631002,38.05643701553345,OK,2025-12-09T23:48:06.822163
70_03_15,70,3,25200,36000,18000,68400,900,598,64,5655.188700000001,832013,99.09154796600342,OK,2025-12-09T23:49:46.405904
70_03_20,70,3,25200,36000,18000,68400,1200,598,78,6351.893900000006,1011728,118.98916292190552,OK,2025-12-09T23:51:45.934511
70_03_25,70,3,25200,36000,18000,68400,1500,598,92,7043.295700000009,1176965,164.55460691452026,OK,2025-12-09T23:54:31.085246
70_03_30,70,3,25200,36000,18000,68400,1800,598,105,7846.879600000006,1346788,180.2334291934967,OK,2025-12-09T23:57:32.014018
70_04_05,70,4,25200,39600,18000,68400,300,598,26,3483.3907999999974,414568,39.18445110321045,OK,2025-12-09T23:58:11.487332
70_04_10,70,4,25200,39600,18000,68400,600,598,37,3966.9375,600409,38.76167106628418,OK,2025-12-09T23:58:50.582848
70_04_15,70,4,25200,39600,18000,68400,900,598,48,4812.8510000000015,804339,39.08539795875549,OK,2025-12-09T23:59:30.059954
70_04_20,70,4,25200,39600,18000,68400,1200,598,61,5477.5871,983177,78.1061840057373,OK,2025-12-10T00:00:48.591047
70_04_25,70,4,25200,39600,18000,68400,1500,598,72,5959.417500000003,1155604,119.3348741531372,OK,2025-12-10T00:02:48.400052
70_04_30,70,4,25200,39600,18000,68400,1800,598,82,6609.499300000002,1327701,139.12518405914307,OK,2025-12-10T00:05:08.097140
70_05_05,70,5,25200,43200,18000,68400,300,598,21,3315.0040000000017,407057,38.941169023513794,OK,2025-12-10T00:05:47.312082
70_05_10,70,5,25200,43200,18000,68400,600,598,30,3607.3006,590102,38.274720191955566,OK,2025-12-10T00:06:25.879597
70_05_15,70,5,25200,43200,18000,68400,900,598,40,4301.8264000000045,788051,38.59603404998779,OK,2025-12-10T00:07:04.813665
70_05_20,70,5,25200,43200,18000,68400,1200,598,48,4927.373000000007,971442,38.50202512741089,OK,2025-12-10T00:07:43.708278
70_05_25,70,5,25200,43200,18000,68400,1500,598,58,5385.113100000003,1145566,79.71803593635559,OK,2025-12-10T00:09:03.844264
70_05_30,70,5,25200,43200,18000,68400,1800,598,67,5757.215800000003,1309410,104.43968796730042,OK,2025-12-10T00:10:48.780576
70_06_05,70,6,25200,46800,18000,68400,300,598,17,2817.3392999999955,386152,38.88399386405945,OK,2025-12-10T00:11:27.902099
70_06_10,70,6,25200,46800,18000,68400,600,598,26,3574.942800000002,595614,38.52399492263794,OK,2025-12-10T00:12:06.706839
70_06_15,70,6,25200,46800,18000,68400,900,598,34,4081.520099999999,776744,39.00415825843811,OK,2025-12-10T00:12:46.026593
70_06_20,70,6,25200,46800,18000,68400,1200,598,41,4333.114099999999,954075,38.42332601547241,OK,2025-12-10T00:13:24.799996
70_06_25,70,6,25200,46800,18000,68400,1500,598,49,4802.4648,1133418,38.66929793357849,OK,2025-12-10T00:14:03.840398
70_06_30,70,6,25200,46800,18000,68400,1800,598,56,5374.2837000000045,1314333,77.61381673812866,OK,2025-12-10T00:15:21.890647
70_07_05,70,7,25200,50400,18000,68400,300,598,15,3024.2748000000006,392679,46.17863702774048,OK,2025-12-10T00:16:08.297413
70_07_10,70,7,25200,50400,18000,68400,600,598,22,3384.3898999999988,583948,41.23746585845947,OK,2025-12-10T00:16:49.807052
70_07_15,70,7,25200,50400,18000,68400,900,598,29,3659.7513,768069,38.23230814933777,OK,2025-12-10T00:17:28.336423
70_07_20,70,7,25200,50400,18000,68400,1200,598,36,4179.7113,954576,56.85678005218506,OK,2025-12-10T00:18:25.519970
70_07_25,70,7,25200,50400,18000,68400,1500,598,42,4469.679500000002,1128440,38.25879502296448,OK,2025-12-10T00:19:04.137081
70_07_30,70,7,25200,50400,18000,68400,1800,598,49,4685.340400000001,1291569,38.53409504890442,OK,2025-12-10T00:19:43.052144
70_08_05,70,8,25200,54000,18000,68400,300,598,14,3099.0836000000013,395889,38.59049892425537,OK,2025-12-10T00:20:21.866387
70_08_10,70,8,25200,54000,18000,68400,600,598,20,3258.523600000003,578919,42.42876601219177,OK,2025-12-10T00:21:04.599874
70_08_15,70,8,25200,54000,18000,68400,900,598,26,3595.8017000000027,767848,39.209267139434814,OK,2025-12-10T00:21:44.095408
70_08_20,70,8,25200,54000,18000,68400,1200,598,32,3908.558600000003,945546,38.13434290885925,OK,2025-12-10T00:22:22.531017
70_08_25,70,8,25200,54000,18000,68400,1500,598,38,4326.58,1127896,41.829466104507446,OK,2025-12-10T00:23:04.700269
70_08_30,70,8,25200,54000,18000,68400,1800,598,43,4601.690900000004,1298953,39.34271717071533,OK,2025-12-10T00:23:44.406209
70_09_05,70,9,25200,57600,18000,68400,300,598,13,3090.578399999999,397584,38.45848298072815,OK,2025-12-10T00:24:23.095239
70_09_10,70,9,25200,57600,18000,68400,600,598,17,3064.3255,569488,37.7872359752655,OK,2025-12-10T00:25:01.116958
70_09_15,70,9,25200,57600,18000,68400,900,598,23,3789.0169000000005,777826,39.534679651260376,OK,2025-12-10T00:25:40.933913
70_09_20,70,9,25200,57600,18000,68400,1200,598,28,3806.1491,944529,38.34783101081848,OK,2025-12-10T00:26:19.569358
70_09_25,70,9,25200,57600,18000,68400,1500,598,34,3968.4394000000025,1114936,45.161421060562134,OK,2025-12-10T00:27:05.112485
70_09_30,70,9,25200,57600,18000,68400,1800,598,39,4487.000600000005,1301494,37.94119882583618,OK,2025-12-10T00:27:43.396364
70_10_05,70,10,25200,61200,18000,68400,300,598,13,3115.3109000000018,402320,41.51788282394409,OK,2025-12-10T00:28:25.138605
70_10_10,70,10,25200,61200,18000,68400,600,598,16,3018.5747000000006,572293,38.23034405708313,OK,2025-12-10T00:29:03.598348
70_10_15,70,10,25200,61200,18000,68400,900,598,21,3359.521999999999,756992,37.79099202156067,OK,2025-12-10T00:29:41.638061
70_10_20,70,10,25200,61200,18000,68400,1200,598,25,3749.3810000000017,945349,37.68318319320679,OK,2025-12-10T00:30:19.628805
70_10_25,70,10,25200,61200,18000,68400,1500,598,30,3920.6860000000006,1116830,38.15500593185425,OK,2025-12-10T00:30:58.084354
70_10_30,70,10,25200,61200,18000,68400,1800,598,35,4189.843100000002,1293465,39.57488799095154,OK,2025-12-10T00:31:37.996261
75_02_05,75,2,25200,32400,18000,68400,300,773,58,5892.356199999996,576319,109.0012378692627,OK,2025-12-10T00:33:27.477602
75_02_10,75,2,25200,32400,18000,68400,600,773,87,7721.619700000004,862378,149.7803976535797,OK,2025-12-10T00:35:57.879603
75_02_15,75,2,25200,32400,18000,68400,900,773,115,9541.131000000007,1134638,207.48104095458984,OK,2025-12-10T00:39:26.147036
75_02_20,75,2,25200,32400,18000,68400,1200,773,142,11424.404299999998,1392013,269.5956349372864,OK,2025-12-10T00:43:56.674524
75_02_25,75,2,25200,32400,18000,68400,1500,773,167,13183.285299999994,1631181,327.8120081424713,OK,2025-12-10T00:49:25.649275
75_02_30,75,2,25200,32400,18000,68400,1800,773,192,14686.704899999995,1843997,368.2008581161499,OK,2025-12-10T00:55:35.131439
75_03_05,75,3,25200,36000,18000,68400,300,773,42,5140.2254000000075,546327,45.332855224609375,OK,2025-12-10T00:56:20.921635
75_03_10,75,3,25200,36000,18000,68400,600,773,61,6169.430000000002,806096,105.72421622276306,OK,2025-12-10T00:58:07.210724
75_03_15,75,3,25200,36000,18000,68400,900,773,80,7400.522200000004,1065033,146.6531949043274,OK,2025-12-10T01:00:34.478094
75_03_20,75,3,25200,36000,18000,68400,1200,773,98,8572.598300000009,1306548,166.74526071548462,OK,2025-12-10T01:03:21.912389
75_03_25,75,3,25200,36000,18000,68400,1500,773,117,9802.889099999993,1541534,206.71676683425903,OK,2025-12-10T01:06:49.430307
75_03_30,75,3,25200,36000,18000,68400,1800,773,134,10962.939300000002,1763795,247.22035789489746,OK,2025-12-10T01:10:57.521608
75_04_05,75,4,25200,39600,18000,68400,300,773,32,4333.029100000003,515826,45.76228380203247,OK,2025-12-10T01:11:43.645201
75_04_10,75,4,25200,39600,18000,68400,600,773,47,5464.781300000008,778998,44.708990812301636,OK,2025-12-10T01:12:28.778029
75_04_15,75,4,25200,39600,18000,68400,900,773,62,6160.329300000004,1022689,105.4944360256195,OK,2025-12-10T01:14:14.787267
75_04_20,75,4,25200,39600,18000,68400,1200,773,77,7270.315700000004,1269056,126.26749610900879,OK,2025-12-10T01:16:21.653975
75_04_25,75,4,25200,39600,18000,68400,1500,773,90,8213.650000000007,1502886,147.15385484695435,OK,2025-12-10T01:18:49.555909
75_04_30,75,4,25200,39600,18000,68400,1800,773,104,8979.400100000003,1722800,186.70141577720642,OK,2025-12-10T01:21:56.984023
75_05_05,75,5,25200,43200,18000,68400,300,773,26,3839.5370000000003,493595,45.014700174331665,OK,2025-12-10T01:22:42.356565
75_05_10,75,5,25200,43200,18000,68400,600,773,38,4880.052100000009,757999,44.7159628868103,OK,2025-12-10T01:23:27.449143
75_05_15,75,5,25200,43200,18000,68400,900,773,50,5593.688900000005,1003328,46.14206600189209,OK,2025-12-10T01:24:14.027870
75_05_20,75,5,25200,43200,18000,68400,1200,773,61,6235.420999999999,1237329,105.21346282958984,OK,2025-12-10T01:25:59.733277
75_05_25,75,5,25200,43200,18000,68400,1500,773,73,7049.101300000007,1473178,126.1091058254242,OK,2025-12-10T01:28:06.461190
75_05_30,75,5,25200,43200,18000,68400,1800,773,85,7833.242300000002,1699904,147.2532558441162,OK,2025-12-10T01:30:34.373363
75_06_05,75,6,25200,46800,18000,68400,300,773,22,3787.5143000000007,489970,45.92819285392761,OK,2025-12-10T01:31:20.632869
75_06_10,75,6,25200,46800,18000,68400,600,773,32,4575.317299999996,752138,45.48449921607971,OK,2025-12-10T01:32:06.472012
75_06_15,75,6,25200,46800,18000,68400,900,773,42,5179.411400000002,990527,45.50453519821167,OK,2025-12-10T01:32:52.383877
75_06_20,75,6,25200,46800,18000,68400,1200,773,52,5814.106900000003,1229994,88.78291630744934,OK,2025-12-10T01:34:21.613054
75_06_25,75,6,25200,46800,18000,68400,1500,773,62,6451.332700000003,1461936,106.40862488746643,OK,2025-12-10T01:36:08.526897
75_06_30,75,6,25200,46800,18000,68400,1800,773,72,7072.33350000001,1685495,126.6596269607544,OK,2025-12-10T01:38:15.764939
75_07_05,75,7,25200,50400,18000,68400,300,773,19,3770.9740999999985,490574,45.911643981933594,OK,2025-12-10T01:39:02.016340
75_07_10,75,7,25200,50400,18000,68400,600,773,28,4374.281300000004,744906,46.38019895553589,OK,2025-12-10T01:39:48.723123
75_07_15,75,7,25200,50400,18000,68400,900,773,37,4731.786700000011,977146,45.3433096408844,OK,2025-12-10T01:40:34.442194
75_07_20,75,7,25200,50400,18000,68400,1200,773,45,5422.250199999998,1221626,45.71812033653259,OK,2025-12-10T01:41:20.605889
75_07_25,75,7,25200,50400,18000,68400,1500,773,54,6011.119100000002,1452171,86.0832748413086,OK,2025-12-10T01:42:47.153347
75_07_30,75,7,25200,50400,18000,68400,1800,773,62,6493.817500000002,1677834,104.22874689102173,OK,2025-12-10T01:44:31.886318
75_08_05,75,8,25200,54000,18000,68400,300,773,17,3743.1005000000027,489578,44.59483194351196,OK,2025-12-10T01:45:16.778644
75_08_10,75,8,25200,54000,18000,68400,600,773,24,4179.995200000001,737565,44.09280824661255,OK,2025-12-10T01:46:01.203423
75_08_15,75,8,25200,54000,18000,68400,900,773,32,4544.184900000005,972177,45.56618881225586,OK,2025-12-10T01:46:47.126873
75_08_20,75,8,25200,54000,18000,68400,1200,773,39,5035.080600000004,1204599,45.24878191947937,OK,2025-12-10T01:47:32.756552
75_08_25,75,8,25200,54000,18000,68400,1500,773,47,5669.9937,1449239,45.05284905433655,OK,2025-12-10T01:48:18.246093
75_08_30,75,8,25200,54000,18000,68400,1800,773,55,6091.400000000002,1667384,85.9137270450592,OK,2025-12-10T01:49:44.635824
75_09_05,75,9,25200,57600,18000,68400,300,773,16,3575.2649,485585,45.04045104980469,OK,2025-12-10T01:50:29.951176
75_09_10,75,9,25200,57600,18000,68400,600,773,22,3725.480500000001,717315,45.79983425140381,OK,2025-12-10T01:51:16.098078
75_09_15,75,9,25200,57600,18000,68400,900,773,29,4204.722800000001,958636,43.37571597099304,OK,2025-12-10T01:51:59.835365
75_09_20,75,9,25200,57600,18000,68400,1200,773,36,4960.108400000011,1207803,45.15477204322815,OK,2025-12-10T01:52:45.377373
75_09_25,75,9,25200,57600,18000,68400,1500,773,42,5153.237300000005,1431903,45.307947635650635,OK,2025-12-10T01:53:31.097186
75_09_30,75,9,25200,57600,18000,68400,1800,773,49,5670.772400000013,1663196,45.218682050704956,OK,2025-12-10T01:54:16.753082
75_10_05,75,10,25200,61200,18000,68400,300,773,16,3423.286600000002,476341,49.63055992126465,OK,2025-12-10T01:55:06.649856
75_10_10,75,10,25200,61200,18000,68400,600,773,19,3600.254099999999,709160,48.02740716934204,OK,2025-12-10T01:55:54.961389
75_10_15,75,10,25200,61200,18000,68400,900,773,26,4260.8150000000005,961667,45.16828107833862,OK,2025-12-10T01:56:40.461490
75_10_20,75,10,25200,61200,18000,68400,1200,773,32,4861.327700000013,1208027,45.48963713645935,OK,2025-12-10T01:57:26.310055
75_10_25,75,10,25200,61200,18000,68400,1500,773,38,5216.614499999999,1437405,46.129411935806274,OK,2025-12-10T01:58:12.832356
75_10_30,75,10,25200,61200,18000,68400,1800,773,45,5475.107900000007,1660924,44.28148293495178,OK,2025-12-10T01:58:57.536589
